Geo_FIPS,Geo_GEOID,Geo_NAME,Geo_QName,Geo_STUSAB,Geo_SUMLEV,Geo_GEOCOMP,Geo_FILEID,Geo_LOGRECNO,Geo_US,Geo_REGION,Geo_DIVISION,Geo_STATECE,Geo_STATE,Geo_COUNTY,Geo_COUSUB,Geo_PLACE,Geo_PLACESE,Geo_TRACT,Geo_BLKGRP,Geo_CONCIT,Geo_AIANHH,Geo_AIANHHFP,Geo_AIHHTLI,Geo_AITSCE,Geo_AITS,Geo_ANRC,Geo_CBSA,Geo_CSA,Geo_METDIV,Geo_MACC,Geo_MEMI,Geo_NECTA,Geo_CNECTA,Geo_NECTADIV,Geo_UA,Geo_UACP,Geo_CDCURR,Geo_SLDU,Geo_SLDL,Geo_VTD,Geo_ZCTA3,Geo_ZCTA5,Geo_SUBMCD,Geo_SDELM,Geo_SDSEC,Geo_SDUNI,Geo_UR,Geo_PCI,Geo_TAZ,Geo_UGA,Geo_BTTR,Geo_BTBG,Geo_PUMA5,Geo_PUMA1,SE_A04001_001,SE_A04001_002,SE_A04001_003,SE_A04001_004,SE_A04001_005,SE_A04001_006,SE_A04001_007,SE_A04001_008,SE_A04001_009,SE_A04001_010,SE_A04001_011,SE_A04001_012,SE_A04001_013,SE_A04001_014,SE_A04001_015,SE_A04001_016,SE_A04001_017
"55079000101","14000US55079000101","Census Tract 1.01, Milwaukee County, Wisconsin","Census Tract 1.01, Milwaukee County, Wisconsin","wi","140","00","ACSSF","0004717",,,,,"55","079",,,,"000101",,,,,,,,,,,,,,,,,,,,,,,,,,,,,,,,,,,,,5306,5015,1343,3567,13,70,0,16,6,291,37,0,0,0,0,254,0
"55079000102","14000US55079000102","Census Tract 1.02, Milwaukee County, Wisconsin","Census Tract 1.02, Milwaukee County, Wisconsin","wi","140","00","ACSSF","0004718",,,,,"55","079",,,,"000102",,,,,,,,,,,,,,,,,,,,,,,,,,,,,,,,,,,,,3648,3549,1034,2195,36,118,0,0,166,99,67,32,0,0,0,0,0
"55079000201","14000US55079000201","Census Tract 2.01, Milwaukee County, Wisconsin","Census Tract 2.01, Milwaukee County, Wisconsin","wi","140","00","ACSSF","0004719",,,,,"55","079",,,,"000201",,,,,,,,,,,,,,,,,,,,,,,,,,,,,,,,,,,,,4791,4019,1185,2657,0,102,0,0,75,772,120,0,0,0,0,613,39
"55079000202","14000US55079000202","Census Tract 2.02, Milwaukee County, Wisconsin","Census Tract 2.02, Milwaukee County, Wisconsin","wi","140","00","ACSSF","0004720",,,,,"55","079",,,,"000202",,,,,,,,,,,,,,,,,,,,,,,,,,,,,,,,,,,,,6324,6148,2687,2810,87,390,12,0,162,176,113,0,0,0,0,63,0
"55079000301","14000US55079000301","Census Tract 3.01, Milwaukee County, Wisconsin","Census Tract 3.01, Milwaukee County, Wisconsin","wi","140","00","ACSSF","0004721",,,,,"55","079",,,,"000301",,,,,,,,,,,,,,,,,,,,,,,,,,,,,,,,,,,,,1339,1339,1005,220,0,90,0,10,14,0,0,0,0,0,0,0,0
"55079000302","14000US55079000302","Census Tract 3.02, Milwaukee County, Wisconsin","Census Tract 3.02, Milwaukee County, Wisconsin","wi","140","00","ACSSF","0004722",,,,,"55","079",,,,"000302",,,,,,,,,,,,,,,,,,,,,,,,,,,,,,,,,,,,,3091,2946,448,2363,11,40,0,0,84,145,74,25,0,0,0,34,12
"55079000303","14000US55079000303","Census Tract 3.03, Milwaukee County, Wisconsin","Census Tract 3.03, Milwaukee County, Wisconsin","wi","140","00","ACSSF","0004723",,,,,"55","079",,,,"000303",,,,,,,,,,,,,,,,,,,,,,,,,,,,,,,,,,,,,2029,1980,864,941,0,77,0,0,98,49,25,0,0,0,0,24,0
"55079000304","14000US55079000304","Census Tract 3.04, Milwaukee County, Wisconsin","Census Tract 3.04, Milwaukee County, Wisconsin","wi","140","00","ACSSF","0004724",,,,,"55","079",,,,"000304",,,,,,,,,,,,,,,,,,,,,,,,,,,,,,,,,,,,,3072,3024,1318,1140,0,445,0,38,83,48,36,0,0,0,0,12,0
"55079000400","14000US55079000400","Census Tract 4, Milwaukee County, Wisconsin","Census Tract 4, Milwaukee County, Wisconsin","wi","140","00","ACSSF","0004725",,,,,"55","079",,,,"000400",,,,,,,,,,,,,,,,,,,,,,,,,,,,,,,,,,,,,2450,2365,610,1384,79,0,0,0,292,85,0,0,0,0,0,85,0
"55079000501","14000US55079000501","Census Tract 5.01, Milwaukee County, Wisconsin","Census Tract 5.01, Milwaukee County, Wisconsin","wi","140","00","ACSSF","0004726",,,,,"55","079",,,,"000501",,,,,,,,,,,,,,,,,,,,,,,,,,,,,,,,,,,,,3539,3348,1576,1436,0,62,0,27,247,191,45,0,0,0,0,37,109
"55079000502","14000US55079000502","Census Tract 5.02, Milwaukee County, Wisconsin","Census Tract 5.02, Milwaukee County, Wisconsin","wi","140","00","ACSSF","0004727",,,,,"55","079",,,,"000502",,,,,,,,,,,,,,,,,,,,,,,,,,,,,,,,,,,,,3755,3722,820,2731,49,20,0,0,102,33,12,0,0,0,0,21,0
"55079000600","14000US55079000600","Census Tract 6, Milwaukee County, Wisconsin","Census Tract 6, Milwaukee County, Wisconsin","wi","140","00","ACSSF","0004728",,,,,"55","079",,,,"000600",,,,,,,,,,,,,,,,,,,,,,,,,,,,,,,,,,,,,6845,6723,1465,3612,0,1366,0,0,280,122,92,16,0,0,0,14,0
"55079000700","14000US55079000700","Census Tract 7, Milwaukee County, Wisconsin","Census Tract 7, Milwaukee County, Wisconsin","wi","140","00","ACSSF","0004729",,,,,"55","079",,,,"000700",,,,,,,,,,,,,,,,,,,,,,,,,,,,,,,,,,,,,3454,3374,1291,1838,5,198,0,7,35,80,52,0,0,15,0,13,0
"55079000800","14000US55079000800","Census Tract 8, Milwaukee County, Wisconsin","Census Tract 8, Milwaukee County, Wisconsin","wi","140","00","ACSSF","0004730",,,,,"55","079",,,,"000800",,,,,,,,,,,,,,,,,,,,,,,,,,,,,,,,,,,,,5433,5064,1155,3470,29,198,0,0,212,369,124,0,0,156,0,30,59
"55079000900","14000US55079000900","Census Tract 9, Milwaukee County, Wisconsin","Census Tract 9, Milwaukee County, Wisconsin","wi","140","00","ACSSF","0004731",,,,,"55","079",,,,"000900",,,,,,,,,,,,,,,,,,,,,,,,,,,,,,,,,,,,,3750,3575,741,2643,26,0,0,0,165,175,53,69,0,0,0,10,43
"55079001000","14000US55079001000","Census Tract 10, Milwaukee County, Wisconsin","Census Tract 10, Milwaukee County, Wisconsin","wi","140","00","ACSSF","0004732",,,,,"55","079",,,,"001000",,,,,,,,,,,,,,,,,,,,,,,,,,,,,,,,,,,,,3726,3538,500,2604,1,286,0,23,124,188,94,22,7,0,5,39,21
"55079001100","14000US55079001100","Census Tract 11, Milwaukee County, Wisconsin","Census Tract 11, Milwaukee County, Wisconsin","wi","140","00","ACSSF","0004733",,,,,"55","079",,,,"001100",,,,,,,,,,,,,,,,,,,,,,,,,,,,,,,,,,,,,2677,2677,304,2353,6,0,0,0,14,0,0,0,0,0,0,0,0
"55079001200","14000US55079001200","Census Tract 12, Milwaukee County, Wisconsin","Census Tract 12, Milwaukee County, Wisconsin","wi","140","00","ACSSF","0004734",,,,,"55","079",,,,"001200",,,,,,,,,,,,,,,,,,,,,,,,,,,,,,,,,,,,,2790,2611,215,1474,4,826,0,0,92,179,37,6,0,0,0,136,0
"55079001300","14000US55079001300","Census Tract 13, Milwaukee County, Wisconsin","Census Tract 13, Milwaukee County, Wisconsin","wi","140","00","ACSSF","0004735",,,,,"55","079",,,,"001300",,,,,,,,,,,,,,,,,,,,,,,,,,,,,,,,,,,,,3929,3794,317,2923,0,519,0,0,35,135,0,82,19,0,0,15,19
"55079001400","14000US55079001400","Census Tract 14, Milwaukee County, Wisconsin","Census Tract 14, Milwaukee County, Wisconsin","wi","140","00","ACSSF","0004736",,,,,"55","079",,,,"001400",,,,,,,,,,,,,,,,,,,,,,,,,,,,,,,,,,,,,2529,2439,364,1438,20,573,0,0,44,90,12,11,0,0,0,4,63
"55079001500","14000US55079001500","Census Tract 15, Milwaukee County, Wisconsin","Census Tract 15, Milwaukee County, Wisconsin","wi","140","00","ACSSF","0004737",,,,,"55","079",,,,"001500",,,,,,,,,,,,,,,,,,,,,,,,,,,,,,,,,,,,,3161,3161,538,1818,54,741,0,0,10,0,0,0,0,0,0,0,0
"55079001600","14000US55079001600","Census Tract 16, Milwaukee County, Wisconsin","Census Tract 16, Milwaukee County, Wisconsin","wi","140","00","ACSSF","0004738",,,,,"55","079",,,,"001600",,,,,,,,,,,,,,,,,,,,,,,,,,,,,,,,,,,,,3032,2951,525,2112,0,222,0,0,92,81,20,14,0,0,0,13,34
"55079001700","14000US55079001700","Census Tract 17, Milwaukee County, Wisconsin","Census Tract 17, Milwaukee County, Wisconsin","wi","140","00","ACSSF","0004739",,,,,"55","079",,,,"001700",,,,,,,,,,,,,,,,,,,,,,,,,,,,,,,,,,,,,4499,4381,1324,2963,0,86,0,0,8,118,118,0,0,0,0,0,0
"55079001800","14000US55079001800","Census Tract 18, Milwaukee County, Wisconsin","Census Tract 18, Milwaukee County, Wisconsin","wi","140","00","ACSSF","0004740",,,,,"55","079",,,,"001800",,,,,,,,,,,,,,,,,,,,,,,,,,,,,,,,,,,,,3036,2978,538,2252,0,149,0,0,39,58,27,0,7,0,0,24,0
"55079001900","14000US55079001900","Census Tract 19, Milwaukee County, Wisconsin","Census Tract 19, Milwaukee County, Wisconsin","wi","140","00","ACSSF","0004741",,,,,"55","079",,,,"001900",,,,,,,,,,,,,,,,,,,,,,,,,,,,,,,,,,,,,3001,2870,608,1925,50,91,0,0,196,131,70,0,0,0,0,61,0
"55079002000","14000US55079002000","Census Tract 20, Milwaukee County, Wisconsin","Census Tract 20, Milwaukee County, Wisconsin","wi","140","00","ACSSF","0004742",,,,,"55","079",,,,"002000",,,,,,,,,,,,,,,,,,,,,,,,,,,,,,,,,,,,,2263,2209,362,1769,1,29,0,0,48,54,35,0,0,0,0,6,13
"55079002100","14000US55079002100","Census Tract 21, Milwaukee County, Wisconsin","Census Tract 21, Milwaukee County, Wisconsin","wi","140","00","ACSSF","0004743",,,,,"55","079",,,,"002100",,,,,,,,,,,,,,,,,,,,,,,,,,,,,,,,,,,,,2067,2047,154,1880,0,0,0,0,13,20,0,0,0,0,0,20,0
"55079002200","14000US55079002200","Census Tract 22, Milwaukee County, Wisconsin","Census Tract 22, Milwaukee County, Wisconsin","wi","140","00","ACSSF","0004744",,,,,"55","079",,,,"002200",,,,,,,,,,,,,,,,,,,,,,,,,,,,,,,,,,,,,1582,1510,526,855,29,0,0,0,100,72,67,0,0,0,0,0,5
"55079002300","14000US55079002300","Census Tract 23, Milwaukee County, Wisconsin","Census Tract 23, Milwaukee County, Wisconsin","wi","140","00","ACSSF","0004745",,,,,"55","079",,,,"002300",,,,,,,,,,,,,,,,,,,,,,,,,,,,,,,,,,,,,4078,4063,179,3765,0,38,0,0,81,15,8,0,0,0,0,0,7
"55079002400","14000US55079002400","Census Tract 24, Milwaukee County, Wisconsin","Census Tract 24, Milwaukee County, Wisconsin","wi","140","00","ACSSF","0004746",,,,,"55","079",,,,"002400",,,,,,,,,,,,,,,,,,,,,,,,,,,,,,,,,,,,,1756,1746,33,1497,0,199,0,0,17,10,0,0,0,0,0,0,10
"55079002500","14000US55079002500","Census Tract 25, Milwaukee County, Wisconsin","Census Tract 25, Milwaukee County, Wisconsin","wi","140","00","ACSSF","0004747",,,,,"55","079",,,,"002500",,,,,,,,,,,,,,,,,,,,,,,,,,,,,,,,,,,,,2040,2015,68,1756,8,0,116,0,67,25,8,4,0,0,0,0,13
"55079002600","14000US55079002600","Census Tract 26, Milwaukee County, Wisconsin","Census Tract 26, Milwaukee County, Wisconsin","wi","140","00","ACSSF","0004748",,,,,"55","079",,,,"002600",,,,,,,,,,,,,,,,,,,,,,,,,,,,,,,,,,,,,2838,2779,229,2545,0,0,0,0,5,59,24,20,0,0,0,15,0
"55079002700","14000US55079002700","Census Tract 27, Milwaukee County, Wisconsin","Census Tract 27, Milwaukee County, Wisconsin","wi","140","00","ACSSF","0004749",,,,,"55","079",,,,"002700",,,,,,,,,,,,,,,,,,,,,,,,,,,,,,,,,,,,,1806,1806,119,1540,0,119,0,0,28,0,0,0,0,0,0,0,0
"55079002800","14000US55079002800","Census Tract 28, Milwaukee County, Wisconsin","Census Tract 28, Milwaukee County, Wisconsin","wi","140","00","ACSSF","0004750",,,,,"55","079",,,,"002800",,,,,,,,,,,,,,,,,,,,,,,,,,,,,,,,,,,,,2224,2169,119,1857,5,0,0,0,188,55,55,0,0,0,0,0,0
"55079002900","14000US55079002900","Census Tract 29, Milwaukee County, Wisconsin","Census Tract 29, Milwaukee County, Wisconsin","wi","140","00","ACSSF","0004751",,,,,"55","079",,,,"002900",,,,,,,,,,,,,,,,,,,,,,,,,,,,,,,,,,,,,2001,1869,122,1728,12,0,0,0,7,132,26,3,0,0,0,103,0
"55079003000","14000US55079003000","Census Tract 30, Milwaukee County, Wisconsin","Census Tract 30, Milwaukee County, Wisconsin","wi","140","00","ACSSF","0004752",,,,,"55","079",,,,"003000",,,,,,,,,,,,,,,,,,,,,,,,,,,,,,,,,,,,,4067,3949,537,2727,0,286,0,48,351,118,33,0,0,0,0,25,60
"55079003100","14000US55079003100","Census Tract 31, Milwaukee County, Wisconsin","Census Tract 31, Milwaukee County, Wisconsin","wi","140","00","ACSSF","0004753",,,,,"55","079",,,,"003100",,,,,,,,,,,,,,,,,,,,,,,,,,,,,,,,,,,,,3703,3641,428,2765,22,306,0,0,120,62,0,14,13,0,0,35,0
"55079003200","14000US55079003200","Census Tract 32, Milwaukee County, Wisconsin","Census Tract 32, Milwaukee County, Wisconsin","wi","140","00","ACSSF","0004754",,,,,"55","079",,,,"003200",,,,,,,,,,,,,,,,,,,,,,,,,,,,,,,,,,,,,2898,2710,448,1851,0,372,0,0,39,188,82,0,0,0,0,106,0
"55079003300","14000US55079003300","Census Tract 33, Milwaukee County, Wisconsin","Census Tract 33, Milwaukee County, Wisconsin","wi","140","00","ACSSF","0004755",,,,,"55","079",,,,"003300",,,,,,,,,,,,,,,,,,,,,,,,,,,,,,,,,,,,,5314,4926,1161,3355,0,323,0,0,87,388,73,9,0,0,0,266,40
"55079003400","14000US55079003400","Census Tract 34, Milwaukee County, Wisconsin","Census Tract 34, Milwaukee County, Wisconsin","wi","140","00","ACSSF","0004756",,,,,"55","079",,,,"003400",,,,,,,,,,,,,,,,,,,,,,,,,,,,,,,,,,,,,6083,5779,1985,3404,7,290,0,0,93,304,0,0,0,0,0,271,33
"55079003500","14000US55079003500","Census Tract 35, Milwaukee County, Wisconsin","Census Tract 35, Milwaukee County, Wisconsin","wi","140","00","ACSSF","0004757",,,,,"55","079",,,,"003500",,,,,,,,,,,,,,,,,,,,,,,,,,,,,,,,,,,,,3601,3553,601,2710,0,86,10,26,120,48,33,7,8,0,0,0,0
"55079003600","14000US55079003600","Census Tract 36, Milwaukee County, Wisconsin","Census Tract 36, Milwaukee County, Wisconsin","wi","140","00","ACSSF","0004758",,,,,"55","079",,,,"003600",,,,,,,,,,,,,,,,,,,,,,,,,,,,,,,,,,,,,2194,2142,228,1852,7,52,0,0,3,52,20,0,0,0,0,32,0
"55079003700","14000US55079003700","Census Tract 37, Milwaukee County, Wisconsin","Census Tract 37, Milwaukee County, Wisconsin","wi","140","00","ACSSF","0004759",,,,,"55","079",,,,"003700",,,,,,,,,,,,,,,,,,,,,,,,,,,,,,,,,,,,,2239,2234,193,1994,0,0,0,0,47,5,4,0,0,0,0,0,1
"55079003800","14000US55079003800","Census Tract 38, Milwaukee County, Wisconsin","Census Tract 38, Milwaukee County, Wisconsin","wi","140","00","ACSSF","0004760",,,,,"55","079",,,,"003800",,,,,,,,,,,,,,,,,,,,,,,,,,,,,,,,,,,,,2323,2276,205,2007,0,0,0,0,64,47,0,0,0,0,0,47,0
"55079003900","14000US55079003900","Census Tract 39, Milwaukee County, Wisconsin","Census Tract 39, Milwaukee County, Wisconsin","wi","140","00","ACSSF","0004761",,,,,"55","079",,,,"003900",,,,,,,,,,,,,,,,,,,,,,,,,,,,,,,,,,,,,2678,2678,50,2601,0,0,0,0,27,0,0,0,0,0,0,0,0
"55079004000","14000US55079004000","Census Tract 40, Milwaukee County, Wisconsin","Census Tract 40, Milwaukee County, Wisconsin","wi","140","00","ACSSF","0004762",,,,,"55","079",,,,"004000",,,,,,,,,,,,,,,,,,,,,,,,,,,,,,,,,,,,,2545,2528,95,2375,0,0,0,0,58,17,9,0,0,0,0,0,8
"55079004100","14000US55079004100","Census Tract 41, Milwaukee County, Wisconsin","Census Tract 41, Milwaukee County, Wisconsin","wi","140","00","ACSSF","0004763",,,,,"55","079",,,,"004100",,,,,,,,,,,,,,,,,,,,,,,,,,,,,,,,,,,,,2379,2329,140,2132,0,0,0,0,57,50,0,0,0,0,0,30,20
"55079004200","14000US55079004200","Census Tract 42, Milwaukee County, Wisconsin","Census Tract 42, Milwaukee County, Wisconsin","wi","140","00","ACSSF","0004764",,,,,"55","079",,,,"004200",,,,,,,,,,,,,,,,,,,,,,,,,,,,,,,,,,,,,3300,3167,18,3120,1,0,0,0,28,133,133,0,0,0,0,0,0
"55079004300","14000US55079004300","Census Tract 43, Milwaukee County, Wisconsin","Census Tract 43, Milwaukee County, Wisconsin","wi","140","00","ACSSF","0004765",,,,,"55","079",,,,"004300",,,,,,,,,,,,,,,,,,,,,,,,,,,,,,,,,,,,,5382,5177,202,4748,19,0,0,0,208,205,205,0,0,0,0,0,0
"55079004400","14000US55079004400","Census Tract 44, Milwaukee County, Wisconsin","Census Tract 44, Milwaukee County, Wisconsin","wi","140","00","ACSSF","0004766",,,,,"55","079",,,,"004400",,,,,,,,,,,,,,,,,,,,,,,,,,,,,,,,,,,,,3918,3610,804,2684,0,44,0,0,78,308,301,0,0,0,0,7,0
"55079004500","14000US55079004500","Census Tract 45, Milwaukee County, Wisconsin","Census Tract 45, Milwaukee County, Wisconsin","wi","140","00","ACSSF","0004767",,,,,"55","079",,,,"004500",,,,,,,,,,,,,,,,,,,,,,,,,,,,,,,,,,,,,3160,3053,76,2854,1,30,0,8,84,107,16,17,0,0,0,74,0
"55079004600","14000US55079004600","Census Tract 46, Milwaukee County, Wisconsin","Census Tract 46, Milwaukee County, Wisconsin","wi","140","00","ACSSF","0004768",,,,,"55","079",,,,"004600",,,,,,,,,,,,,,,,,,,,,,,,,,,,,,,,,,,,,3154,3135,41,2987,0,78,0,0,29,19,9,10,0,0,0,0,0
"55079004700","14000US55079004700","Census Tract 47, Milwaukee County, Wisconsin","Census Tract 47, Milwaukee County, Wisconsin","wi","140","00","ACSSF","0004769",,,,,"55","079",,,,"004700",,,,,,,,,,,,,,,,,,,,,,,,,,,,,,,,,,,,,3893,3828,37,3758,0,0,0,0,33,65,9,56,0,0,0,0,0
"55079004800","14000US55079004800","Census Tract 48, Milwaukee County, Wisconsin","Census Tract 48, Milwaukee County, Wisconsin","wi","140","00","ACSSF","0004770",,,,,"55","079",,,,"004800",,,,,,,,,,,,,,,,,,,,,,,,,,,,,,,,,,,,,4088,4070,150,3802,58,20,0,0,40,18,1,0,0,0,0,0,17
"55079004900","14000US55079004900","Census Tract 49, Milwaukee County, Wisconsin","Census Tract 49, Milwaukee County, Wisconsin","wi","140","00","ACSSF","0004771",,,,,"55","079",,,,"004900",,,,,,,,,,,,,,,,,,,,,,,,,,,,,,,,,,,,,4136,4035,1022,2736,0,0,0,0,277,101,59,32,0,0,0,10,0
"55079005000","14000US55079005000","Census Tract 50, Milwaukee County, Wisconsin","Census Tract 50, Milwaukee County, Wisconsin","wi","140","00","ACSSF","0004772",,,,,"55","079",,,,"005000",,,,,,,,,,,,,,,,,,,,,,,,,,,,,,,,,,,,,5316,5138,1342,3572,13,47,0,0,164,178,38,40,0,0,0,7,93
"55079005100","14000US55079005100","Census Tract 51, Milwaukee County, Wisconsin","Census Tract 51, Milwaukee County, Wisconsin","wi","140","00","ACSSF","0004773",,,,,"55","079",,,,"005100",,,,,,,,,,,,,,,,,,,,,,,,,,,,,,,,,,,,,3311,3224,595,2531,0,36,0,0,62,87,43,43,0,0,0,0,1
"55079005200","14000US55079005200","Census Tract 52, Milwaukee County, Wisconsin","Census Tract 52, Milwaukee County, Wisconsin","wi","140","00","ACSSF","0004774",,,,,"55","079",,,,"005200",,,,,,,,,,,,,,,,,,,,,,,,,,,,,,,,,,,,,1463,1438,795,572,0,16,0,0,55,25,5,0,0,0,0,12,8
"55079005300","14000US55079005300","Census Tract 53, Milwaukee County, Wisconsin","Census Tract 53, Milwaukee County, Wisconsin","wi","140","00","ACSSF","0004775",,,,,"55","079",,,,"005300",,,,,,,,,,,,,,,,,,,,,,,,,,,,,,,,,,,,,2088,1880,1175,570,21,0,0,0,114,208,117,0,0,0,0,37,54
"55079005400","14000US55079005400","Census Tract 54, Milwaukee County, Wisconsin","Census Tract 54, Milwaukee County, Wisconsin","wi","140","00","ACSSF","0004776",,,,,"55","079",,,,"005400",,,,,,,,,,,,,,,,,,,,,,,,,,,,,,,,,,,,,3904,3786,3205,468,0,27,0,0,86,118,69,1,0,0,0,31,17
"55079005500","14000US55079005500","Census Tract 55, Milwaukee County, Wisconsin","Census Tract 55, Milwaukee County, Wisconsin","wi","140","00","ACSSF","0004777",,,,,"55","079",,,,"005500",,,,,,,,,,,,,,,,,,,,,,,,,,,,,,,,,,,,,3261,3025,2589,326,0,64,5,0,41,236,119,0,0,0,0,78,39
"55079005600","14000US55079005600","Census Tract 56, Milwaukee County, Wisconsin","Census Tract 56, Milwaukee County, Wisconsin","wi","140","00","ACSSF","0004778",,,,,"55","079",,,,"005600",,,,,,,,,,,,,,,,,,,,,,,,,,,,,,,,,,,,,2056,2015,1811,153,0,34,4,0,13,41,19,0,0,0,0,22,0
"55079005700","14000US55079005700","Census Tract 57, Milwaukee County, Wisconsin","Census Tract 57, Milwaukee County, Wisconsin","wi","140","00","ACSSF","0004779",,,,,"55","079",,,,"005700",,,,,,,,,,,,,,,,,,,,,,,,,,,,,,,,,,,,,2308,2261,2035,198,0,6,0,0,22,47,18,0,22,0,0,7,0
"55079005800","14000US55079005800","Census Tract 58, Milwaukee County, Wisconsin","Census Tract 58, Milwaukee County, Wisconsin","wi","140","00","ACSSF","0004780",,,,,"55","079",,,,"005800",,,,,,,,,,,,,,,,,,,,,,,,,,,,,,,,,,,,,3528,3328,2084,1152,10,0,0,0,82,200,160,18,0,0,0,22,0
"55079005900","14000US55079005900","Census Tract 59, Milwaukee County, Wisconsin","Census Tract 59, Milwaukee County, Wisconsin","wi","140","00","ACSSF","0004781",,,,,"55","079",,,,"005900",,,,,,,,,,,,,,,,,,,,,,,,,,,,,,,,,,,,,3557,3272,729,2366,12,85,0,0,80,285,46,0,0,0,0,239,0
"55079006000","14000US55079006000","Census Tract 60, Milwaukee County, Wisconsin","Census Tract 60, Milwaukee County, Wisconsin","wi","140","00","ACSSF","0004782",,,,,"55","079",,,,"006000",,,,,,,,,,,,,,,,,,,,,,,,,,,,,,,,,,,,,2535,2481,184,2291,1,0,0,0,5,54,25,0,0,0,0,7,22
"55079006100","14000US55079006100","Census Tract 61, Milwaukee County, Wisconsin","Census Tract 61, Milwaukee County, Wisconsin","wi","140","00","ACSSF","0004783",,,,,"55","079",,,,"006100",,,,,,,,,,,,,,,,,,,,,,,,,,,,,,,,,,,,,2089,2004,315,1562,5,0,0,0,122,85,0,4,0,0,0,81,0
"55079006200","14000US55079006200","Census Tract 62, Milwaukee County, Wisconsin","Census Tract 62, Milwaukee County, Wisconsin","wi","140","00","ACSSF","0004784",,,,,"55","079",,,,"006200",,,,,,,,,,,,,,,,,,,,,,,,,,,,,,,,,,,,,2224,2183,42,2099,0,42,0,0,0,41,9,0,0,0,0,32,0
"55079006300","14000US55079006300","Census Tract 63, Milwaukee County, Wisconsin","Census Tract 63, Milwaukee County, Wisconsin","wi","140","00","ACSSF","0004785",,,,,"55","079",,,,"006300",,,,,,,,,,,,,,,,,,,,,,,,,,,,,,,,,,,,,2277,2217,28,2139,0,0,0,0,50,60,8,43,0,0,0,0,9
"55079006400","14000US55079006400","Census Tract 64, Milwaukee County, Wisconsin","Census Tract 64, Milwaukee County, Wisconsin","wi","140","00","ACSSF","0004786",,,,,"55","079",,,,"006400",,,,,,,,,,,,,,,,,,,,,,,,,,,,,,,,,,,,,2952,2951,1,2697,0,9,0,0,244,1,1,0,0,0,0,0,0
"55079006500","14000US55079006500","Census Tract 65, Milwaukee County, Wisconsin","Census Tract 65, Milwaukee County, Wisconsin","wi","140","00","ACSSF","0004787",,,,,"55","079",,,,"006500",,,,,,,,,,,,,,,,,,,,,,,,,,,,,,,,,,,,,2619,2558,33,2455,4,66,0,0,0,61,57,0,4,0,0,0,0
"55079006600","14000US55079006600","Census Tract 66, Milwaukee County, Wisconsin","Census Tract 66, Milwaukee County, Wisconsin","wi","140","00","ACSSF","0004788",,,,,"55","079",,,,"006600",,,,,,,,,,,,,,,,,,,,,,,,,,,,,,,,,,,,,3509,3195,5,3067,0,0,0,0,123,314,302,12,0,0,0,0,0
"55079006700","14000US55079006700","Census Tract 67, Milwaukee County, Wisconsin","Census Tract 67, Milwaukee County, Wisconsin","wi","140","00","ACSSF","0004789",,,,,"55","079",,,,"006700",,,,,,,,,,,,,,,,,,,,,,,,,,,,,,,,,,,,,1533,1478,33,1432,0,0,0,0,13,55,5,37,0,0,0,7,6
"55079006800","14000US55079006800","Census Tract 68, Milwaukee County, Wisconsin","Census Tract 68, Milwaukee County, Wisconsin","wi","140","00","ACSSF","0004790",,,,,"55","079",,,,"006800",,,,,,,,,,,,,,,,,,,,,,,,,,,,,,,,,,,,,2808,2695,63,2607,19,5,0,0,1,113,5,31,13,0,0,45,19
"55079006900","14000US55079006900","Census Tract 69, Milwaukee County, Wisconsin","Census Tract 69, Milwaukee County, Wisconsin","wi","140","00","ACSSF","0004791",,,,,"55","079",,,,"006900",,,,,,,,,,,,,,,,,,,,,,,,,,,,,,,,,,,,,2951,2498,69,2348,0,0,0,4,77,453,168,0,0,0,0,124,161
"55079007000","14000US55079007000","Census Tract 70, Milwaukee County, Wisconsin","Census Tract 70, Milwaukee County, Wisconsin","wi","140","00","ACSSF","0004792",,,,,"55","079",,,,"007000",,,,,,,,,,,,,,,,,,,,,,,,,,,,,,,,,,,,,2429,2139,125,1957,2,0,0,0,55,290,142,60,0,0,0,15,73
"55079007100","14000US55079007100","Census Tract 71, Milwaukee County, Wisconsin","Census Tract 71, Milwaukee County, Wisconsin","wi","140","00","ACSSF","0004793",,,,,"55","079",,,,"007100",,,,,,,,,,,,,,,,,,,,,,,,,,,,,,,,,,,,,1943,1736,1415,220,0,47,0,0,54,207,115,0,0,0,0,92,0
"55079007200","14000US55079007200","Census Tract 72, Milwaukee County, Wisconsin","Census Tract 72, Milwaukee County, Wisconsin","wi","140","00","ACSSF","0004794",,,,,"55","079",,,,"007200",,,,,,,,,,,,,,,,,,,,,,,,,,,,,,,,,,,,,3104,2751,2018,596,0,8,0,0,129,353,284,2,37,0,0,22,8
"55079007300","14000US55079007300","Census Tract 73, Milwaukee County, Wisconsin","Census Tract 73, Milwaukee County, Wisconsin","wi","140","00","ACSSF","0004795",,,,,"55","079",,,,"007300",,,,,,,,,,,,,,,,,,,,,,,,,,,,,,,,,,,,,2596,2471,2205,115,0,59,0,0,92,125,122,0,0,0,0,3,0
"55079007400","14000US55079007400","Census Tract 74, Milwaukee County, Wisconsin","Census Tract 74, Milwaukee County, Wisconsin","wi","140","00","ACSSF","0004796",,,,,"55","079",,,,"007400",,,,,,,,,,,,,,,,,,,,,,,,,,,,,,,,,,,,,3647,3513,3114,282,2,73,0,0,42,134,58,0,0,0,0,42,34
"55079007500","14000US55079007500","Census Tract 75, Milwaukee County, Wisconsin","Census Tract 75, Milwaukee County, Wisconsin","wi","140","00","ACSSF","0004797",,,,,"55","079",,,,"007500",,,,,,,,,,,,,,,,,,,,,,,,,,,,,,,,,,,,,2316,2156,2112,13,9,22,0,0,0,160,22,0,0,0,0,130,8
"55079007600","14000US55079007600","Census Tract 76, Milwaukee County, Wisconsin","Census Tract 76, Milwaukee County, Wisconsin","wi","140","00","ACSSF","0004798",,,,,"55","079",,,,"007600",,,,,,,,,,,,,,,,,,,,,,,,,,,,,,,,,,,,,3407,3259,2793,221,0,190,0,0,55,148,148,0,0,0,0,0,0
"55079007700","14000US55079007700","Census Tract 77, Milwaukee County, Wisconsin","Census Tract 77, Milwaukee County, Wisconsin","wi","140","00","ACSSF","0004799",,,,,"55","079",,,,"007700",,,,,,,,,,,,,,,,,,,,,,,,,,,,,,,,,,,,,3880,3734,3180,199,98,141,0,0,116,146,135,0,0,0,0,11,0
"55079007800","14000US55079007800","Census Tract 78, Milwaukee County, Wisconsin","Census Tract 78, Milwaukee County, Wisconsin","wi","140","00","ACSSF","0004800",,,,,"55","079",,,,"007800",,,,,,,,,,,,,,,,,,,,,,,,,,,,,,,,,,,,,3607,3463,3155,124,0,41,0,0,143,144,104,0,14,0,0,0,26
"55079007900","14000US55079007900","Census Tract 79, Milwaukee County, Wisconsin","Census Tract 79, Milwaukee County, Wisconsin","wi","140","00","ACSSF","0004801",,,,,"55","079",,,,"007900",,,,,,,,,,,,,,,,,,,,,,,,,,,,,,,,,,,,,2062,1991,1586,172,3,61,0,0,169,71,9,13,0,0,0,35,14
"55079008000","14000US55079008000","Census Tract 80, Milwaukee County, Wisconsin","Census Tract 80, Milwaukee County, Wisconsin","wi","140","00","ACSSF","0004802",,,,,"55","079",,,,"008000",,,,,,,,,,,,,,,,,,,,,,,,,,,,,,,,,,,,,2066,1772,1270,367,0,26,0,0,109,294,150,34,0,0,0,84,26
"55079008100","14000US55079008100","Census Tract 81, Milwaukee County, Wisconsin","Census Tract 81, Milwaukee County, Wisconsin","wi","140","00","ACSSF","0004803",,,,,"55","079",,,,"008100",,,,,,,,,,,,,,,,,,,,,,,,,,,,,,,,,,,,,1221,1063,180,823,0,0,0,0,60,158,100,0,0,0,0,14,44
"55079008400","14000US55079008400","Census Tract 84, Milwaukee County, Wisconsin","Census Tract 84, Milwaukee County, Wisconsin","wi","140","00","ACSSF","0004804",,,,,"55","079",,,,"008400",,,,,,,,,,,,,,,,,,,,,,,,,,,,,,,,,,,,,1267,1190,0,1115,0,0,0,0,75,77,77,0,0,0,0,0,0
"55079008500","14000US55079008500","Census Tract 85, Milwaukee County, Wisconsin","Census Tract 85, Milwaukee County, Wisconsin","wi","140","00","ACSSF","0004805",,,,,"55","079",,,,"008500",,,,,,,,,,,,,,,,,,,,,,,,,,,,,,,,,,,,,1497,1401,5,1354,0,0,0,0,42,96,8,4,0,0,0,84,0
"55079008600","14000US55079008600","Census Tract 86, Milwaukee County, Wisconsin","Census Tract 86, Milwaukee County, Wisconsin","wi","140","00","ACSSF","0004806",,,,,"55","079",,,,"008600",,,,,,,,,,,,,,,,,,,,,,,,,,,,,,,,,,,,,1090,913,7,901,0,0,0,0,5,177,177,0,0,0,0,0,0
"55079008700","14000US55079008700","Census Tract 87, Milwaukee County, Wisconsin","Census Tract 87, Milwaukee County, Wisconsin","wi","140","00","ACSSF","0004807",,,,,"55","079",,,,"008700",,,,,,,,,,,,,,,,,,,,,,,,,,,,,,,,,,,,,1388,1325,9,1280,0,36,0,0,0,63,0,63,0,0,0,0,0
"55079008800","14000US55079008800","Census Tract 88, Milwaukee County, Wisconsin","Census Tract 88, Milwaukee County, Wisconsin","wi","140","00","ACSSF","0004808",,,,,"55","079",,,,"008800",,,,,,,,,,,,,,,,,,,,,,,,,,,,,,,,,,,,,2075,2036,13,1967,0,0,0,0,56,39,0,11,0,0,0,0,28
"55079008900","14000US55079008900","Census Tract 89, Milwaukee County, Wisconsin","Census Tract 89, Milwaukee County, Wisconsin","wi","140","00","ACSSF","0004809",,,,,"55","079",,,,"008900",,,,,,,,,,,,,,,,,,,,,,,,,,,,,,,,,,,,,1100,1045,55,970,0,0,0,0,20,55,55,0,0,0,0,0,0
"55079009000","14000US55079009000","Census Tract 90, Milwaukee County, Wisconsin","Census Tract 90, Milwaukee County, Wisconsin","wi","140","00","ACSSF","0004810",,,,,"55","079",,,,"009000",,,,,,,,,,,,,,,,,,,,,,,,,,,,,,,,,,,,,2856,2837,81,2662,1,93,0,0,0,19,9,0,0,0,0,10,0
"55079009100","14000US55079009100","Census Tract 91, Milwaukee County, Wisconsin","Census Tract 91, Milwaukee County, Wisconsin","wi","140","00","ACSSF","0004811",,,,,"55","079",,,,"009100",,,,,,,,,,,,,,,,,,,,,,,,,,,,,,,,,,,,,2360,2332,324,1842,0,0,18,0,148,28,9,0,0,0,0,0,19
"55079009200","14000US55079009200","Census Tract 92, Milwaukee County, Wisconsin","Census Tract 92, Milwaukee County, Wisconsin","wi","140","00","ACSSF","0004812",,,,,"55","079",,,,"009200",,,,,,,,,,,,,,,,,,,,,,,,,,,,,,,,,,,,,2162,2100,404,1568,29,62,0,0,37,62,3,0,0,0,0,1,58
"55079009300","14000US55079009300","Census Tract 93, Milwaukee County, Wisconsin","Census Tract 93, Milwaukee County, Wisconsin","wi","140","00","ACSSF","0004813",,,,,"55","079",,,,"009300",,,,,,,,,,,,,,,,,,,,,,,,,,,,,,,,,,,,,2457,2333,1215,985,5,42,0,0,86,124,98,0,0,0,0,26,0
"55079009400","14000US55079009400","Census Tract 94, Milwaukee County, Wisconsin","Census Tract 94, Milwaukee County, Wisconsin","wi","140","00","ACSSF","0004814",,,,,"55","079",,,,"009400",,,,,,,,,,,,,,,,,,,,,,,,,,,,,,,,,,,,,2634,2367,1684,564,18,13,0,0,88,267,64,0,2,0,0,201,0
"55079009500","14000US55079009500","Census Tract 95, Milwaukee County, Wisconsin","Census Tract 95, Milwaukee County, Wisconsin","wi","140","00","ACSSF","0004815",,,,,"55","079",,,,"009500",,,,,,,,,,,,,,,,,,,,,,,,,,,,,,,,,,,,,2165,2104,1410,471,6,24,0,0,193,61,51,0,0,0,0,10,0
"55079009600","14000US55079009600","Census Tract 96, Milwaukee County, Wisconsin","Census Tract 96, Milwaukee County, Wisconsin","wi","140","00","ACSSF","0004816",,,,,"55","079",,,,"009600",,,,,,,,,,,,,,,,,,,,,,,,,,,,,,,,,,,,,2502,2346,90,2085,0,136,0,0,35,156,99,0,0,0,0,51,6
"55079009700","14000US55079009700","Census Tract 97, Milwaukee County, Wisconsin","Census Tract 97, Milwaukee County, Wisconsin","wi","140","00","ACSSF","0004817",,,,,"55","079",,,,"009700",,,,,,,,,,,,,,,,,,,,,,,,,,,,,,,,,,,,,1789,1780,138,912,0,613,0,0,117,9,0,9,0,0,0,0,0
"55079009800","14000US55079009800","Census Tract 98, Milwaukee County, Wisconsin","Census Tract 98, Milwaukee County, Wisconsin","wi","140","00","ACSSF","0004818",,,,,"55","079",,,,"009800",,,,,,,,,,,,,,,,,,,,,,,,,,,,,,,,,,,,,1479,1473,19,1249,4,201,0,0,0,6,0,0,6,0,0,0,0
"55079009900","14000US55079009900","Census Tract 99, Milwaukee County, Wisconsin","Census Tract 99, Milwaukee County, Wisconsin","wi","140","00","ACSSF","0004819",,,,,"55","079",,,,"009900",,,,,,,,,,,,,,,,,,,,,,,,,,,,,,,,,,,,,1145,1035,70,963,0,0,0,0,2,110,33,0,0,0,0,73,4
"55079010600","14000US55079010600","Census Tract 106, Milwaukee County, Wisconsin","Census Tract 106, Milwaukee County, Wisconsin","wi","140","00","ACSSF","0004820",,,,,"55","079",,,,"010600",,,,,,,,,,,,,,,,,,,,,,,,,,,,,,,,,,,,,1338,946,359,527,1,0,0,0,59,392,372,0,0,0,0,20,0
"55079010700","14000US55079010700","Census Tract 107, Milwaukee County, Wisconsin","Census Tract 107, Milwaukee County, Wisconsin","wi","140","00","ACSSF","0004821",,,,,"55","079",,,,"010700",,,,,,,,,,,,,,,,,,,,,,,,,,,,,,,,,,,,,2233,1981,1525,238,0,64,0,0,154,252,143,0,0,0,0,87,22
"55079010800","14000US55079010800","Census Tract 108, Milwaukee County, Wisconsin","Census Tract 108, Milwaukee County, Wisconsin","wi","140","00","ACSSF","0004822",,,,,"55","079",,,,"010800",,,,,,,,,,,,,,,,,,,,,,,,,,,,,,,,,,,,,2342,2296,1946,204,7,36,0,0,103,46,15,6,0,0,0,7,18
"55079011000","14000US55079011000","Census Tract 110, Milwaukee County, Wisconsin","Census Tract 110, Milwaukee County, Wisconsin","wi","140","00","ACSSF","0004823",,,,,"55","079",,,,"011000",,,,,,,,,,,,,,,,,,,,,,,,,,,,,,,,,,,,,3236,3177,2711,273,0,138,0,0,55,59,46,0,0,0,0,13,0
"55079011100","14000US55079011100","Census Tract 111, Milwaukee County, Wisconsin","Census Tract 111, Milwaukee County, Wisconsin","wi","140","00","ACSSF","0004824",,,,,"55","079",,,,"011100",,,,,,,,,,,,,,,,,,,,,,,,,,,,,,,,,,,,,1692,1580,1426,47,17,53,0,0,37,112,74,0,0,0,0,38,0
"55079011200","14000US55079011200","Census Tract 112, Milwaukee County, Wisconsin","Census Tract 112, Milwaukee County, Wisconsin","wi","140","00","ACSSF","0004825",,,,,"55","079",,,,"011200",,,,,,,,,,,,,,,,,,,,,,,,,,,,,,,,,,,,,2450,2216,1901,228,0,37,0,11,39,234,209,0,0,0,0,25,0
"55079011300","14000US55079011300","Census Tract 113, Milwaukee County, Wisconsin","Census Tract 113, Milwaukee County, Wisconsin","wi","140","00","ACSSF","0004826",,,,,"55","079",,,,"011300",,,,,,,,,,,,,,,,,,,,,,,,,,,,,,,,,,,,,1873,1730,1552,120,0,25,0,0,33,143,85,0,0,0,0,58,0
"55079011400","14000US55079011400","Census Tract 114, Milwaukee County, Wisconsin","Census Tract 114, Milwaukee County, Wisconsin","wi","140","00","ACSSF","0004827",,,,,"55","079",,,,"011400",,,,,,,,,,,,,,,,,,,,,,,,,,,,,,,,,,,,,1163,1157,860,262,13,11,0,0,11,6,6,0,0,0,0,0,0
"55079012200","14000US55079012200","Census Tract 122, Milwaukee County, Wisconsin","Census Tract 122, Milwaukee County, Wisconsin","wi","140","00","ACSSF","0004828",,,,,"55","079",,,,"012200",,,,,,,,,,,,,,,,,,,,,,,,,,,,,,,,,,,,,2817,2751,231,1410,50,920,0,0,140,66,43,0,5,0,0,0,18
"55079012300","14000US55079012300","Census Tract 123, Milwaukee County, Wisconsin","Census Tract 123, Milwaukee County, Wisconsin","wi","140","00","ACSSF","0004829",,,,,"55","079",,,,"012300",,,,,,,,,,,,,,,,,,,,,,,,,,,,,,,,,,,,,1004,972,149,640,0,131,0,9,43,32,28,0,0,0,0,4,0
"55079012400","14000US55079012400","Census Tract 124, Milwaukee County, Wisconsin","Census Tract 124, Milwaukee County, Wisconsin","wi","140","00","ACSSF","0004830",,,,,"55","079",,,,"012400",,,,,,,,,,,,,,,,,,,,,,,,,,,,,,,,,,,,,2814,2680,1429,857,17,230,0,0,147,134,35,16,0,0,0,53,30
"55079012500","14000US55079012500","Census Tract 125, Milwaukee County, Wisconsin","Census Tract 125, Milwaukee County, Wisconsin","wi","140","00","ACSSF","0004831",,,,,"55","079",,,,"012500",,,,,,,,,,,,,,,,,,,,,,,,,,,,,,,,,,,,,2159,2111,2013,55,0,28,0,0,15,48,33,0,0,0,0,11,4
"55079012600","14000US55079012600","Census Tract 126, Milwaukee County, Wisconsin","Census Tract 126, Milwaukee County, Wisconsin","wi","140","00","ACSSF","0004832",,,,,"55","079",,,,"012600",,,,,,,,,,,,,,,,,,,,,,,,,,,,,,,,,,,,,2496,2225,1900,129,0,60,7,0,129,271,181,0,0,0,0,30,60
"55079012700","14000US55079012700","Census Tract 127, Milwaukee County, Wisconsin","Census Tract 127, Milwaukee County, Wisconsin","wi","140","00","ACSSF","0004833",,,,,"55","079",,,,"012700",,,,,,,,,,,,,,,,,,,,,,,,,,,,,,,,,,,,,1242,1100,1014,20,13,10,4,11,28,142,138,0,4,0,0,0,0
"55079012800","14000US55079012800","Census Tract 128, Milwaukee County, Wisconsin","Census Tract 128, Milwaukee County, Wisconsin","wi","140","00","ACSSF","0004834",,,,,"55","079",,,,"012800",,,,,,,,,,,,,,,,,,,,,,,,,,,,,,,,,,,,,3209,2719,2288,277,7,88,0,0,59,490,287,0,0,0,0,156,47
"55079012900","14000US55079012900","Census Tract 129, Milwaukee County, Wisconsin","Census Tract 129, Milwaukee County, Wisconsin","wi","140","00","ACSSF","0004835",,,,,"55","079",,,,"012900",,,,,,,,,,,,,,,,,,,,,,,,,,,,,,,,,,,,,3121,2700,2372,139,0,67,0,0,122,421,142,0,83,0,0,81,115
"55079013000","14000US55079013000","Census Tract 130, Milwaukee County, Wisconsin","Census Tract 130, Milwaukee County, Wisconsin","wi","140","00","ACSSF","0004836",,,,,"55","079",,,,"013000",,,,,,,,,,,,,,,,,,,,,,,,,,,,,,,,,,,,,2045,1589,1238,178,81,34,0,8,50,456,427,10,0,0,0,15,4
"55079013300","14000US55079013300","Census Tract 133, Milwaukee County, Wisconsin","Census Tract 133, Milwaukee County, Wisconsin","wi","140","00","ACSSF","0004837",,,,,"55","079",,,,"013300",,,,,,,,,,,,,,,,,,,,,,,,,,,,,,,,,,,,,1150,1039,470,281,0,230,0,0,58,111,39,0,0,0,0,72,0
"55079013400","14000US55079013400","Census Tract 134, Milwaukee County, Wisconsin","Census Tract 134, Milwaukee County, Wisconsin","wi","140","00","ACSSF","0004838",,,,,"55","079",,,,"013400",,,,,,,,,,,,,,,,,,,,,,,,,,,,,,,,,,,,,2580,2075,267,1329,7,387,0,0,85,505,108,0,0,0,0,397,0
"55079013500","14000US55079013500","Census Tract 135, Milwaukee County, Wisconsin","Census Tract 135, Milwaukee County, Wisconsin","wi","140","00","ACSSF","0004839",,,,,"55","079",,,,"013500",,,,,,,,,,,,,,,,,,,,,,,,,,,,,,,,,,,,,1977,1741,459,1224,0,10,0,0,48,236,111,0,0,0,0,125,0
"55079013600","14000US55079013600","Census Tract 136, Milwaukee County, Wisconsin","Census Tract 136, Milwaukee County, Wisconsin","wi","140","00","ACSSF","0004840",,,,,"55","079",,,,"013600",,,,,,,,,,,,,,,,,,,,,,,,,,,,,,,,,,,,,2364,2141,421,1386,4,19,0,0,311,223,22,2,0,0,0,29,170
"55079013700","14000US55079013700","Census Tract 137, Milwaukee County, Wisconsin","Census Tract 137, Milwaukee County, Wisconsin","wi","140","00","ACSSF","0004841",,,,,"55","079",,,,"013700",,,,,,,,,,,,,,,,,,,,,,,,,,,,,,,,,,,,,1716,1521,99,937,4,441,0,0,40,195,101,0,0,0,0,83,11
"55079014100","14000US55079014100","Census Tract 141, Milwaukee County, Wisconsin","Census Tract 141, Milwaukee County, Wisconsin","wi","140","00","ACSSF","0004842",,,,,"55","079",,,,"014100",,,,,,,,,,,,,,,,,,,,,,,,,,,,,,,,,,,,,1377,1278,200,1065,0,0,0,0,13,99,62,8,0,0,0,6,23
"55079014300","14000US55079014300","Census Tract 143, Milwaukee County, Wisconsin","Census Tract 143, Milwaukee County, Wisconsin","wi","140","00","ACSSF","0004843",,,,,"55","079",,,,"014300",,,,,,,,,,,,,,,,,,,,,,,,,,,,,,,,,,,,,2443,2343,2010,123,8,160,0,0,42,100,71,7,0,0,0,22,0
"55079014400","14000US55079014400","Census Tract 144, Milwaukee County, Wisconsin","Census Tract 144, Milwaukee County, Wisconsin","wi","140","00","ACSSF","0004844",,,,,"55","079",,,,"014400",,,,,,,,,,,,,,,,,,,,,,,,,,,,,,,,,,,,,2670,2603,2096,200,20,267,0,0,20,67,16,8,0,0,0,24,19
"55079014600","14000US55079014600","Census Tract 146, Milwaukee County, Wisconsin","Census Tract 146, Milwaukee County, Wisconsin","wi","140","00","ACSSF","0004845",,,,,"55","079",,,,"014600",,,,,,,,,,,,,,,,,,,,,,,,,,,,,,,,,,,,,3843,3642,2623,682,7,277,0,18,35,201,161,3,0,0,0,20,17
"55079014700","14000US55079014700","Census Tract 147, Milwaukee County, Wisconsin","Census Tract 147, Milwaukee County, Wisconsin","wi","140","00","ACSSF","0004846",,,,,"55","079",,,,"014700",,,,,,,,,,,,,,,,,,,,,,,,,,,,,,,,,,,,,3219,3113,1715,1170,9,182,4,4,29,106,72,6,0,0,0,8,20
"55079014800","14000US55079014800","Census Tract 148, Milwaukee County, Wisconsin","Census Tract 148, Milwaukee County, Wisconsin","wi","140","00","ACSSF","0004847",,,,,"55","079",,,,"014800",,,,,,,,,,,,,,,,,,,,,,,,,,,,,,,,,,,,,2232,2147,985,894,25,126,0,0,117,85,54,13,0,0,0,17,1
"55079014900","14000US55079014900","Census Tract 149, Milwaukee County, Wisconsin","Census Tract 149, Milwaukee County, Wisconsin","wi","140","00","ACSSF","0004848",,,,,"55","079",,,,"014900",,,,,,,,,,,,,,,,,,,,,,,,,,,,,,,,,,,,,1275,1113,514,538,0,50,0,0,11,162,148,3,0,0,0,11,0
"55079015700","14000US55079015700","Census Tract 157, Milwaukee County, Wisconsin","Census Tract 157, Milwaukee County, Wisconsin","wi","140","00","ACSSF","0004849",,,,,"55","079",,,,"015700",,,,,,,,,,,,,,,,,,,,,,,,,,,,,,,,,,,,,2750,689,470,210,0,0,0,0,9,2061,1054,9,0,0,0,891,107
"55079015800","14000US55079015800","Census Tract 158, Milwaukee County, Wisconsin","Census Tract 158, Milwaukee County, Wisconsin","wi","140","00","ACSSF","0004850",,,,,"55","079",,,,"015800",,,,,,,,,,,,,,,,,,,,,,,,,,,,,,,,,,,,,3365,1271,404,624,36,102,0,29,76,2094,1043,18,0,0,0,984,49
"55079015900","14000US55079015900","Census Tract 159, Milwaukee County, Wisconsin","Census Tract 159, Milwaukee County, Wisconsin","wi","140","00","ACSSF","0004851",,,,,"55","079",,,,"015900",,,,,,,,,,,,,,,,,,,,,,,,,,,,,,,,,,,,,3775,1576,997,213,8,243,0,30,85,2199,1225,45,0,0,0,878,51
"55079016000","14000US55079016000","Census Tract 160, Milwaukee County, Wisconsin","Census Tract 160, Milwaukee County, Wisconsin","wi","140","00","ACSSF","0004852",,,,,"55","079",,,,"016000",,,,,,,,,,,,,,,,,,,,,,,,,,,,,,,,,,,,,3508,1257,549,254,13,367,0,25,49,2251,1919,54,0,0,0,176,102
"55079016100","14000US55079016100","Census Tract 161, Milwaukee County, Wisconsin","Census Tract 161, Milwaukee County, Wisconsin","wi","140","00","ACSSF","0004853",,,,,"55","079",,,,"016100",,,,,,,,,,,,,,,,,,,,,,,,,,,,,,,,,,,,,3190,906,582,73,20,149,0,0,82,2284,1418,4,27,0,20,773,42
"55079016200","14000US55079016200","Census Tract 162, Milwaukee County, Wisconsin","Census Tract 162, Milwaukee County, Wisconsin","wi","140","00","ACSSF","0004854",,,,,"55","079",,,,"016200",,,,,,,,,,,,,,,,,,,,,,,,,,,,,,,,,,,,,3292,974,566,300,43,31,0,0,34,2318,1143,6,36,0,0,859,274
"55079016300","14000US55079016300","Census Tract 163, Milwaukee County, Wisconsin","Census Tract 163, Milwaukee County, Wisconsin","wi","140","00","ACSSF","0004855",,,,,"55","079",,,,"016300",,,,,,,,,,,,,,,,,,,,,,,,,,,,,,,,,,,,,5126,1467,392,709,47,250,0,0,69,3659,1512,10,0,0,0,2124,13
"55079016400","14000US55079016400","Census Tract 164, Milwaukee County, Wisconsin","Census Tract 164, Milwaukee County, Wisconsin","wi","140","00","ACSSF","0004856",,,,,"55","079",,,,"016400",,,,,,,,,,,,,,,,,,,,,,,,,,,,,,,,,,,,,4137,821,329,365,26,52,0,0,49,3316,1067,0,0,0,0,2148,101
"55079016500","14000US55079016500","Census Tract 165, Milwaukee County, Wisconsin","Census Tract 165, Milwaukee County, Wisconsin","wi","140","00","ACSSF","0004857",,,,,"55","079",,,,"016500",,,,,,,,,,,,,,,,,,,,,,,,,,,,,,,,,,,,,2550,485,255,213,17,0,0,0,0,2065,573,0,97,4,0,1202,189
"55079016600","14000US55079016600","Census Tract 166, Milwaukee County, Wisconsin","Census Tract 166, Milwaukee County, Wisconsin","wi","140","00","ACSSF","0004858",,,,,"55","079",,,,"016600",,,,,,,,,,,,,,,,,,,,,,,,,,,,,,,,,,,,,2327,1133,589,470,0,0,0,31,43,1194,519,25,0,0,0,552,98
"55079016700","14000US55079016700","Census Tract 167, Milwaukee County, Wisconsin","Census Tract 167, Milwaukee County, Wisconsin","wi","140","00","ACSSF","0004859",,,,,"55","079",,,,"016700",,,,,,,,,,,,,,,,,,,,,,,,,,,,,,,,,,,,,3674,731,183,355,0,125,0,0,68,2943,771,17,29,0,0,1965,161
"55079016800","14000US55079016800","Census Tract 168, Milwaukee County, Wisconsin","Census Tract 168, Milwaukee County, Wisconsin","wi","140","00","ACSSF","0004860",,,,,"55","079",,,,"016800",,,,,,,,,,,,,,,,,,,,,,,,,,,,,,,,,,,,,3290,1045,318,426,25,147,0,0,129,2245,978,17,0,4,0,1246,0
"55079016900","14000US55079016900","Census Tract 169, Milwaukee County, Wisconsin","Census Tract 169, Milwaukee County, Wisconsin","wi","140","00","ACSSF","0004861",,,,,"55","079",,,,"016900",,,,,,,,,,,,,,,,,,,,,,,,,,,,,,,,,,,,,4211,1205,553,531,50,0,0,0,71,3006,1090,69,32,0,0,1524,291
"55079017000","14000US55079017000","Census Tract 170, Milwaukee County, Wisconsin","Census Tract 170, Milwaukee County, Wisconsin","wi","140","00","ACSSF","0004862",,,,,"55","079",,,,"017000",,,,,,,,,,,,,,,,,,,,,,,,,,,,,,,,,,,,,5972,1719,1005,260,118,86,0,0,250,4253,2353,25,23,0,0,1660,192
"55079017100","14000US55079017100","Census Tract 171, Milwaukee County, Wisconsin","Census Tract 171, Milwaukee County, Wisconsin","wi","140","00","ACSSF","0004863",,,,,"55","079",,,,"017100",,,,,,,,,,,,,,,,,,,,,,,,,,,,,,,,,,,,,3005,1034,611,183,16,204,0,0,20,1971,1241,67,0,0,0,597,66
"55079017200","14000US55079017200","Census Tract 172, Milwaukee County, Wisconsin","Census Tract 172, Milwaukee County, Wisconsin","wi","140","00","ACSSF","0004864",,,,,"55","079",,,,"017200",,,,,,,,,,,,,,,,,,,,,,,,,,,,,,,,,,,,,2459,567,468,16,12,61,0,0,10,1892,1507,12,12,0,0,331,30
"55079017300","14000US55079017300","Census Tract 173, Milwaukee County, Wisconsin","Census Tract 173, Milwaukee County, Wisconsin","wi","140","00","ACSSF","0004865",,,,,"55","079",,,,"017300",,,,,,,,,,,,,,,,,,,,,,,,,,,,,,,,,,,,,3979,1234,849,332,0,45,0,0,8,2745,2246,19,0,0,0,424,56
"55079017400","14000US55079017400","Census Tract 174, Milwaukee County, Wisconsin","Census Tract 174, Milwaukee County, Wisconsin","wi","140","00","ACSSF","0004866",,,,,"55","079",,,,"017400",,,,,,,,,,,,,,,,,,,,,,,,,,,,,,,,,,,,,2959,747,294,335,35,42,0,0,41,2212,1498,0,0,0,0,653,61
"55079017500","14000US55079017500","Census Tract 175, Milwaukee County, Wisconsin","Census Tract 175, Milwaukee County, Wisconsin","wi","140","00","ACSSF","0004867",,,,,"55","079",,,,"017500",,,,,,,,,,,,,,,,,,,,,,,,,,,,,,,,,,,,,3775,1298,846,248,4,0,0,0,200,2477,1713,125,0,0,0,475,164
"55079017600","14000US55079017600","Census Tract 176, Milwaukee County, Wisconsin","Census Tract 176, Milwaukee County, Wisconsin","wi","140","00","ACSSF","0004868",,,,,"55","079",,,,"017600",,,,,,,,,,,,,,,,,,,,,,,,,,,,,,,,,,,,,3285,1012,581,287,22,50,0,0,72,2273,1300,88,0,0,0,755,130
"55079017900","14000US55079017900","Census Tract 179, Milwaukee County, Wisconsin","Census Tract 179, Milwaukee County, Wisconsin","wi","140","00","ACSSF","0004869",,,,,"55","079",,,,"017900",,,,,,,,,,,,,,,,,,,,,,,,,,,,,,,,,,,,,3238,2536,2187,77,65,112,5,0,90,702,470,0,0,0,0,57,175
"55079018000","14000US55079018000","Census Tract 180, Milwaukee County, Wisconsin","Census Tract 180, Milwaukee County, Wisconsin","wi","140","00","ACSSF","0004870",,,,,"55","079",,,,"018000",,,,,,,,,,,,,,,,,,,,,,,,,,,,,,,,,,,,,2876,2378,2266,38,16,31,0,7,20,498,470,0,0,0,0,11,17
"55079018100","14000US55079018100","Census Tract 181, Milwaukee County, Wisconsin","Census Tract 181, Milwaukee County, Wisconsin","wi","140","00","ACSSF","0004871",,,,,"55","079",,,,"018100",,,,,,,,,,,,,,,,,,,,,,,,,,,,,,,,,,,,,1709,1612,1385,74,17,53,0,0,83,97,77,0,0,0,0,20,0
"55079018200","14000US55079018200","Census Tract 182, Milwaukee County, Wisconsin","Census Tract 182, Milwaukee County, Wisconsin","wi","140","00","ACSSF","0004872",,,,,"55","079",,,,"018200",,,,,,,,,,,,,,,,,,,,,,,,,,,,,,,,,,,,,1635,1560,1533,0,0,23,0,0,4,75,67,0,8,0,0,0,0
"55079018300","14000US55079018300","Census Tract 183, Milwaukee County, Wisconsin","Census Tract 183, Milwaukee County, Wisconsin","wi","140","00","ACSSF","0004873",,,,,"55","079",,,,"018300",,,,,,,,,,,,,,,,,,,,,,,,,,,,,,,,,,,,,2532,2284,2176,7,6,30,0,0,65,248,238,0,10,0,0,0,0
"55079018400","14000US55079018400","Census Tract 184, Milwaukee County, Wisconsin","Census Tract 184, Milwaukee County, Wisconsin","wi","140","00","ACSSF","0004874",,,,,"55","079",,,,"018400",,,,,,,,,,,,,,,,,,,,,,,,,,,,,,,,,,,,,1294,1235,1200,0,0,35,0,0,0,59,59,0,0,0,0,0,0
"55079018500","14000US55079018500","Census Tract 185, Milwaukee County, Wisconsin","Census Tract 185, Milwaukee County, Wisconsin","wi","140","00","ACSSF","0004875",,,,,"55","079",,,,"018500",,,,,,,,,,,,,,,,,,,,,,,,,,,,,,,,,,,,,1731,1417,1376,0,14,15,0,0,12,314,309,0,0,0,0,5,0
"55079018600","14000US55079018600","Census Tract 186, Milwaukee County, Wisconsin","Census Tract 186, Milwaukee County, Wisconsin","wi","140","00","ACSSF","0004876",,,,,"55","079",,,,"018600",,,,,,,,,,,,,,,,,,,,,,,,,,,,,,,,,,,,,3300,1022,612,300,24,29,0,0,57,2278,1749,64,37,0,0,365,63
"55079018700","14000US55079018700","Census Tract 187, Milwaukee County, Wisconsin","Census Tract 187, Milwaukee County, Wisconsin","wi","140","00","ACSSF","0004877",,,,,"55","079",,,,"018700",,,,,,,,,,,,,,,,,,,,,,,,,,,,,,,,,,,,,3089,800,657,143,0,0,0,0,0,2289,1584,42,0,0,0,482,181
"55079018800","14000US55079018800","Census Tract 188, Milwaukee County, Wisconsin","Census Tract 188, Milwaukee County, Wisconsin","wi","140","00","ACSSF","0004878",,,,,"55","079",,,,"018800",,,,,,,,,,,,,,,,,,,,,,,,,,,,,,,,,,,,,2318,410,280,80,24,0,0,0,26,1908,1357,164,0,0,0,302,85
"55079018900","14000US55079018900","Census Tract 189, Milwaukee County, Wisconsin","Census Tract 189, Milwaukee County, Wisconsin","wi","140","00","ACSSF","0004879",,,,,"55","079",,,,"018900",,,,,,,,,,,,,,,,,,,,,,,,,,,,,,,,,,,,,1722,796,663,42,8,14,0,18,51,926,813,0,0,0,0,113,0
"55079019000","14000US55079019000","Census Tract 190, Milwaukee County, Wisconsin","Census Tract 190, Milwaukee County, Wisconsin","wi","140","00","ACSSF","0004880",,,,,"55","079",,,,"019000",,,,,,,,,,,,,,,,,,,,,,,,,,,,,,,,,,,,,4959,3891,3469,333,0,43,0,0,46,1068,978,10,0,0,0,80,0
"55079019100","14000US55079019100","Census Tract 191, Milwaukee County, Wisconsin","Census Tract 191, Milwaukee County, Wisconsin","wi","140","00","ACSSF","0004881",,,,,"55","079",,,,"019100",,,,,,,,,,,,,,,,,,,,,,,,,,,,,,,,,,,,,3652,2850,2373,240,9,124,6,5,93,802,613,10,0,0,8,89,82
"55079019200","14000US55079019200","Census Tract 192, Milwaukee County, Wisconsin","Census Tract 192, Milwaukee County, Wisconsin","wi","140","00","ACSSF","0004882",,,,,"55","079",,,,"019200",,,,,,,,,,,,,,,,,,,,,,,,,,,,,,,,,,,,,3288,2608,2271,142,14,18,0,0,163,680,413,26,8,0,0,225,8
"55079019300","14000US55079019300","Census Tract 193, Milwaukee County, Wisconsin","Census Tract 193, Milwaukee County, Wisconsin","wi","140","00","ACSSF","0004883",,,,,"55","079",,,,"019300",,,,,,,,,,,,,,,,,,,,,,,,,,,,,,,,,,,,,2745,2423,2167,86,51,51,0,0,68,322,287,0,32,0,0,0,3
"55079019400","14000US55079019400","Census Tract 194, Milwaukee County, Wisconsin","Census Tract 194, Milwaukee County, Wisconsin","wi","140","00","ACSSF","0004884",,,,,"55","079",,,,"019400",,,,,,,,,,,,,,,,,,,,,,,,,,,,,,,,,,,,,3839,3238,3049,98,0,0,0,0,91,601,491,29,0,0,0,64,17
"55079019500","14000US55079019500","Census Tract 195, Milwaukee County, Wisconsin","Census Tract 195, Milwaukee County, Wisconsin","wi","140","00","ACSSF","0004885",,,,,"55","079",,,,"019500",,,,,,,,,,,,,,,,,,,,,,,,,,,,,,,,,,,,,3601,3304,3210,20,20,54,0,0,0,297,244,0,0,0,0,38,15
"55079019600","14000US55079019600","Census Tract 196, Milwaukee County, Wisconsin","Census Tract 196, Milwaukee County, Wisconsin","wi","140","00","ACSSF","0004886",,,,,"55","079",,,,"019600",,,,,,,,,,,,,,,,,,,,,,,,,,,,,,,,,,,,,3699,3480,3206,211,0,63,0,0,0,219,147,61,0,0,0,11,0
"55079019700","14000US55079019700","Census Tract 197, Milwaukee County, Wisconsin","Census Tract 197, Milwaukee County, Wisconsin","wi","140","00","ACSSF","0004887",,,,,"55","079",,,,"019700",,,,,,,,,,,,,,,,,,,,,,,,,,,,,,,,,,,,,5333,4576,3861,156,2,247,0,0,310,757,586,0,0,0,0,104,67
"55079019800","14000US55079019800","Census Tract 198, Milwaukee County, Wisconsin","Census Tract 198, Milwaukee County, Wisconsin","wi","140","00","ACSSF","0004888",,,,,"55","079",,,,"019800",,,,,,,,,,,,,,,,,,,,,,,,,,,,,,,,,,,,,4868,4217,3922,122,0,56,0,0,117,651,432,0,0,0,0,90,129
"55079019900","14000US55079019900","Census Tract 199, Milwaukee County, Wisconsin","Census Tract 199, Milwaukee County, Wisconsin","wi","140","00","ACSSF","0004889",,,,,"55","079",,,,"019900",,,,,,,,,,,,,,,,,,,,,,,,,,,,,,,,,,,,,3942,3010,2663,131,72,86,0,0,58,932,811,33,0,0,0,88,0
"55079020000","14000US55079020000","Census Tract 200, Milwaukee County, Wisconsin","Census Tract 200, Milwaukee County, Wisconsin","wi","140","00","ACSSF","0004890",,,,,"55","079",,,,"020000",,,,,,,,,,,,,,,,,,,,,,,,,,,,,,,,,,,,,3484,2402,1623,397,7,252,0,0,123,1082,841,52,0,0,0,158,31
"55079020100","14000US55079020100","Census Tract 201, Milwaukee County, Wisconsin","Census Tract 201, Milwaukee County, Wisconsin","wi","140","00","ACSSF","0004891",,,,,"55","079",,,,"020100",,,,,,,,,,,,,,,,,,,,,,,,,,,,,,,,,,,,,3460,2025,1558,391,9,51,0,0,16,1435,1167,26,31,6,0,59,146
"55079020200","14000US55079020200","Census Tract 202, Milwaukee County, Wisconsin","Census Tract 202, Milwaukee County, Wisconsin","wi","140","00","ACSSF","0004892",,,,,"55","079",,,,"020200",,,,,,,,,,,,,,,,,,,,,,,,,,,,,,,,,,,,,2812,1929,1591,64,16,114,0,0,144,883,656,0,0,0,0,218,9
"55079020300","14000US55079020300","Census Tract 203, Milwaukee County, Wisconsin","Census Tract 203, Milwaukee County, Wisconsin","wi","140","00","ACSSF","0004893",,,,,"55","079",,,,"020300",,,,,,,,,,,,,,,,,,,,,,,,,,,,,,,,,,,,,4220,2626,2220,160,14,208,0,9,15,1594,998,0,0,0,0,581,15
"55079020400","14000US55079020400","Census Tract 204, Milwaukee County, Wisconsin","Census Tract 204, Milwaukee County, Wisconsin","wi","140","00","ACSSF","0004894",,,,,"55","079",,,,"020400",,,,,,,,,,,,,,,,,,,,,,,,,,,,,,,,,,,,,3530,1223,994,126,7,70,0,0,26,2307,2044,14,38,0,0,165,46
"55079020500","14000US55079020500","Census Tract 205, Milwaukee County, Wisconsin","Census Tract 205, Milwaukee County, Wisconsin","wi","140","00","ACSSF","0004895",,,,,"55","079",,,,"020500",,,,,,,,,,,,,,,,,,,,,,,,,,,,,,,,,,,,,3538,1373,1259,1,13,25,0,41,34,2165,1838,7,0,0,0,155,165
"55079020600","14000US55079020600","Census Tract 206, Milwaukee County, Wisconsin","Census Tract 206, Milwaukee County, Wisconsin","wi","140","00","ACSSF","0004896",,,,,"55","079",,,,"020600",,,,,,,,,,,,,,,,,,,,,,,,,,,,,,,,,,,,,3481,2828,2708,33,30,30,3,0,24,653,497,10,0,0,0,114,32
"55079020700","14000US55079020700","Census Tract 207, Milwaukee County, Wisconsin","Census Tract 207, Milwaukee County, Wisconsin","wi","140","00","ACSSF","0004897",,,,,"55","079",,,,"020700",,,,,,,,,,,,,,,,,,,,,,,,,,,,,,,,,,,,,4310,3956,3703,15,43,89,0,0,106,354,216,0,0,0,0,138,0
"55079020800","14000US55079020800","Census Tract 208, Milwaukee County, Wisconsin","Census Tract 208, Milwaukee County, Wisconsin","wi","140","00","ACSSF","0004898",,,,,"55","079",,,,"020800",,,,,,,,,,,,,,,,,,,,,,,,,,,,,,,,,,,,,3017,2753,2516,92,1,61,0,0,83,264,129,0,18,0,14,103,0
"55079020900","14000US55079020900","Census Tract 209, Milwaukee County, Wisconsin","Census Tract 209, Milwaukee County, Wisconsin","wi","140","00","ACSSF","0004899",,,,,"55","079",,,,"020900",,,,,,,,,,,,,,,,,,,,,,,,,,,,,,,,,,,,,2657,2258,2059,83,0,0,0,0,116,399,363,0,0,0,0,22,14
"55079021000","14000US55079021000","Census Tract 210, Milwaukee County, Wisconsin","Census Tract 210, Milwaukee County, Wisconsin","wi","140","00","ACSSF","0004900",,,,,"55","079",,,,"021000",,,,,,,,,,,,,,,,,,,,,,,,,,,,,,,,,,,,,2424,2061,1887,36,0,109,0,0,29,363,310,11,0,0,0,20,22
"55079021100","14000US55079021100","Census Tract 211, Milwaukee County, Wisconsin","Census Tract 211, Milwaukee County, Wisconsin","wi","140","00","ACSSF","0004901",,,,,"55","079",,,,"021100",,,,,,,,,,,,,,,,,,,,,,,,,,,,,,,,,,,,,1412,1075,1055,5,4,11,0,0,0,337,297,0,0,0,0,40,0
"55079021200","14000US55079021200","Census Tract 212, Milwaukee County, Wisconsin","Census Tract 212, Milwaukee County, Wisconsin","wi","140","00","ACSSF","0004902",,,,,"55","079",,,,"021200",,,,,,,,,,,,,,,,,,,,,,,,,,,,,,,,,,,,,1895,1686,1613,15,17,36,0,0,5,209,164,16,0,0,0,29,0
"55079021300","14000US55079021300","Census Tract 213, Milwaukee County, Wisconsin","Census Tract 213, Milwaukee County, Wisconsin","wi","140","00","ACSSF","0004903",,,,,"55","079",,,,"021300",,,,,,,,,,,,,,,,,,,,,,,,,,,,,,,,,,,,,1628,1272,1077,148,0,33,0,0,14,356,235,4,0,0,0,101,16
"55079021400","14000US55079021400","Census Tract 214, Milwaukee County, Wisconsin","Census Tract 214, Milwaukee County, Wisconsin","wi","140","00","ACSSF","0004904",,,,,"55","079",,,,"021400",,,,,,,,,,,,,,,,,,,,,,,,,,,,,,,,,,,,,3621,2537,1856,84,13,272,0,0,312,1084,980,13,0,0,0,64,27
"55079021500","14000US55079021500","Census Tract 215, Milwaukee County, Wisconsin","Census Tract 215, Milwaukee County, Wisconsin","wi","140","00","ACSSF","0004905",,,,,"55","079",,,,"021500",,,,,,,,,,,,,,,,,,,,,,,,,,,,,,,,,,,,,2661,2252,2065,13,14,47,0,0,113,409,257,0,0,0,0,116,36
"55079021600","14000US55079021600","Census Tract 216, Milwaukee County, Wisconsin","Census Tract 216, Milwaukee County, Wisconsin","wi","140","00","ACSSF","0004906",,,,,"55","079",,,,"021600",,,,,,,,,,,,,,,,,,,,,,,,,,,,,,,,,,,,,4327,3450,2605,384,10,296,0,0,155,877,718,33,0,0,0,0,126
"55079021700","14000US55079021700","Census Tract 217, Milwaukee County, Wisconsin","Census Tract 217, Milwaukee County, Wisconsin","wi","140","00","ACSSF","0004907",,,,,"55","079",,,,"021700",,,,,,,,,,,,,,,,,,,,,,,,,,,,,,,,,,,,,6501,4638,4196,72,0,324,0,0,46,1863,1163,392,0,0,0,249,59
"55079021800","14000US55079021800","Census Tract 218, Milwaukee County, Wisconsin","Census Tract 218, Milwaukee County, Wisconsin","wi","140","00","ACSSF","0004908",,,,,"55","079",,,,"021800",,,,,,,,,,,,,,,,,,,,,,,,,,,,,,,,,,,,,2258,1885,1747,78,0,34,0,0,26,373,201,0,5,0,0,58,109
"55079030100","14000US55079030100","Census Tract 301, Milwaukee County, Wisconsin","Census Tract 301, Milwaukee County, Wisconsin","wi","140","00","ACSSF","0004909",,,,,"55","079",,,,"030100",,,,,,,,,,,,,,,,,,,,,,,,,,,,,,,,,,,,,4345,4277,3928,135,47,128,4,0,35,68,57,11,0,0,0,0,0
"55079035100","14000US55079035100","Census Tract 351, Milwaukee County, Wisconsin","Census Tract 351, Milwaukee County, Wisconsin","wi","140","00","ACSSF","0004910",,,,,"55","079",,,,"035100",,,,,,,,,,,,,,,,,,,,,,,,,,,,,,,,,,,,,2227,2215,2183,0,0,12,0,0,20,12,12,0,0,0,0,0,0
"55079035200","14000US55079035200","Census Tract 352, Milwaukee County, Wisconsin","Census Tract 352, Milwaukee County, Wisconsin","wi","140","00","ACSSF","0004911",,,,,"55","079",,,,"035200",,,,,,,,,,,,,,,,,,,,,,,,,,,,,,,,,,,,,4470,4299,3778,288,0,133,0,0,100,171,126,0,7,0,0,30,8
"55079040100","14000US55079040100","Census Tract 401, Milwaukee County, Wisconsin","Census Tract 401, Milwaukee County, Wisconsin","wi","140","00","ACSSF","0004912",,,,,"55","079",,,,"040100",,,,,,,,,,,,,,,,,,,,,,,,,,,,,,,,,,,,,1575,1513,1288,33,9,125,0,12,46,62,32,7,0,0,0,6,17
"55079050101","14000US55079050101","Census Tract 501.01, Milwaukee County, Wisconsin","Census Tract 501.01, Milwaukee County, Wisconsin","wi","140","00","ACSSF","0004913",,,,,"55","079",,,,"050101",,,,,,,,,,,,,,,,,,,,,,,,,,,,,,,,,,,,,6071,5701,3722,1493,0,294,0,16,176,370,111,0,0,0,0,0,259
"55079050102","14000US55079050102","Census Tract 501.02, Milwaukee County, Wisconsin","Census Tract 501.02, Milwaukee County, Wisconsin","wi","140","00","ACSSF","0004914",,,,,"55","079",,,,"050102",,,,,,,,,,,,,,,,,,,,,,,,,,,,,,,,,,,,,5955,5787,3207,2132,44,160,0,0,244,168,62,0,0,0,0,106,0
"55079060101","14000US55079060101","Census Tract 601.01, Milwaukee County, Wisconsin","Census Tract 601.01, Milwaukee County, Wisconsin","wi","140","00","ACSSF","0004915",,,,,"55","079",,,,"060101",,,,,,,,,,,,,,,,,,,,,,,,,,,,,,,,,,,,,3696,3632,3075,274,0,198,1,0,84,64,56,0,4,0,0,0,4
"55079060102","14000US55079060102","Census Tract 601.02, Milwaukee County, Wisconsin","Census Tract 601.02, Milwaukee County, Wisconsin","wi","140","00","ACSSF","0004916",,,,,"55","079",,,,"060102",,,,,,,,,,,,,,,,,,,,,,,,,,,,,,,,,,,,,3328,3070,2590,443,0,14,0,8,15,258,65,0,0,0,0,0,193
"55079060200","14000US55079060200","Census Tract 602, Milwaukee County, Wisconsin","Census Tract 602, Milwaukee County, Wisconsin","wi","140","00","ACSSF","0004917",,,,,"55","079",,,,"060200",,,,,,,,,,,,,,,,,,,,,,,,,,,,,,,,,,,,,5865,5486,4427,923,0,0,0,0,136,379,255,0,0,0,0,12,112
"55079070100","14000US55079070100","Census Tract 701, Milwaukee County, Wisconsin","Census Tract 701, Milwaukee County, Wisconsin","wi","140","00","ACSSF","0004918",,,,,"55","079",,,,"070100",,,,,,,,,,,,,,,,,,,,,,,,,,,,,,,,,,,,,4507,4354,4056,57,20,106,0,18,97,153,71,0,0,0,0,73,9
"55079070200","14000US55079070200","Census Tract 702, Milwaukee County, Wisconsin","Census Tract 702, Milwaukee County, Wisconsin","wi","140","00","ACSSF","0004919",,,,,"55","079",,,,"070200",,,,,,,,,,,,,,,,,,,,,,,,,,,,,,,,,,,,,5117,5002,4718,159,0,69,0,0,56,115,115,0,0,0,0,0,0
"55079070300","14000US55079070300","Census Tract 703, Milwaukee County, Wisconsin","Census Tract 703, Milwaukee County, Wisconsin","wi","140","00","ACSSF","0004920",,,,,"55","079",,,,"070300",,,,,,,,,,,,,,,,,,,,,,,,,,,,,,,,,,,,,4482,4334,3769,111,0,234,0,18,202,148,134,0,0,10,0,4,0
"55079080100","14000US55079080100","Census Tract 801, Milwaukee County, Wisconsin","Census Tract 801, Milwaukee County, Wisconsin","wi","140","00","ACSSF","0004921",,,,,"55","079",,,,"080100",,,,,,,,,,,,,,,,,,,,,,,,,,,,,,,,,,,,,2446,2430,2073,81,17,146,0,8,105,16,16,0,0,0,0,0,0
"55079080200","14000US55079080200","Census Tract 802, Milwaukee County, Wisconsin","Census Tract 802, Milwaukee County, Wisconsin","wi","140","00","ACSSF","0004922",,,,,"55","079",,,,"080200",,,,,,,,,,,,,,,,,,,,,,,,,,,,,,,,,,,,,3295,3164,2906,97,0,82,0,0,79,131,73,0,0,0,0,24,34
"55079080300","14000US55079080300","Census Tract 803, Milwaukee County, Wisconsin","Census Tract 803, Milwaukee County, Wisconsin","wi","140","00","ACSSF","0004923",,,,,"55","079",,,,"080300",,,,,,,,,,,,,,,,,,,,,,,,,,,,,,,,,,,,,4094,3998,3715,50,5,156,0,0,72,96,79,0,0,0,0,0,17
"55079080400","14000US55079080400","Census Tract 804, Milwaukee County, Wisconsin","Census Tract 804, Milwaukee County, Wisconsin","wi","140","00","ACSSF","0004924",,,,,"55","079",,,,"080400",,,,,,,,,,,,,,,,,,,,,,,,,,,,,,,,,,,,,3365,3282,2981,112,19,120,0,0,50,83,66,0,0,0,0,17,0
"55079090100","14000US55079090100","Census Tract 901, Milwaukee County, Wisconsin","Census Tract 901, Milwaukee County, Wisconsin","wi","140","00","ACSSF","0004925",,,,,"55","079",,,,"090100",,,,,,,,,,,,,,,,,,,,,,,,,,,,,,,,,,,,,4630,4522,4105,319,0,51,0,0,47,108,58,0,0,0,0,0,50
"55079090200","14000US55079090200","Census Tract 902, Milwaukee County, Wisconsin","Census Tract 902, Milwaukee County, Wisconsin","wi","140","00","ACSSF","0004926",,,,,"55","079",,,,"090200",,,,,,,,,,,,,,,,,,,,,,,,,,,,,,,,,,,,,2007,1988,1777,131,0,50,0,0,30,19,19,0,0,0,0,0,0
"55079090300","14000US55079090300","Census Tract 903, Milwaukee County, Wisconsin","Census Tract 903, Milwaukee County, Wisconsin","wi","140","00","ACSSF","0004927",,,,,"55","079",,,,"090300",,,,,,,,,,,,,,,,,,,,,,,,,,,,,,,,,,,,,3300,3207,2453,263,37,265,0,0,189,93,45,23,0,0,0,25,0
"55079090600","14000US55079090600","Census Tract 906, Milwaukee County, Wisconsin","Census Tract 906, Milwaukee County, Wisconsin","wi","140","00","ACSSF","0004928",,,,,"55","079",,,,"090600",,,,,,,,,,,,,,,,,,,,,,,,,,,,,,,,,,,,,5028,4626,4289,64,0,159,0,0,114,402,335,0,33,0,0,34,0
"55079090700","14000US55079090700","Census Tract 907, Milwaukee County, Wisconsin","Census Tract 907, Milwaukee County, Wisconsin","wi","140","00","ACSSF","0004929",,,,,"55","079",,,,"090700",,,,,,,,,,,,,,,,,,,,,,,,,,,,,,,,,,,,,3173,3110,3027,0,0,50,0,0,33,63,54,0,0,0,0,9,0
"55079090800","14000US55079090800","Census Tract 908, Milwaukee County, Wisconsin","Census Tract 908, Milwaukee County, Wisconsin","wi","140","00","ACSSF","0004930",,,,,"55","079",,,,"090800",,,,,,,,,,,,,,,,,,,,,,,,,,,,,,,,,,,,,2357,2312,2204,76,0,0,0,0,32,45,18,12,0,0,0,15,0
"55079090900","14000US55079090900","Census Tract 909, Milwaukee County, Wisconsin","Census Tract 909, Milwaukee County, Wisconsin","wi","140","00","ACSSF","0004931",,,,,"55","079",,,,"090900",,,,,,,,,,,,,,,,,,,,,,,,,,,,,,,,,,,,,3576,3528,3057,284,0,35,0,0,152,48,35,0,0,0,0,0,13
"55079091000","14000US55079091000","Census Tract 910, Milwaukee County, Wisconsin","Census Tract 910, Milwaukee County, Wisconsin","wi","140","00","ACSSF","0004932",,,,,"55","079",,,,"091000",,,,,,,,,,,,,,,,,,,,,,,,,,,,,,,,,,,,,4510,4386,3846,250,16,87,0,0,187,124,94,0,0,0,0,30,0
"55079091100","14000US55079091100","Census Tract 911, Milwaukee County, Wisconsin","Census Tract 911, Milwaukee County, Wisconsin","wi","140","00","ACSSF","0004933",,,,,"55","079",,,,"091100",,,,,,,,,,,,,,,,,,,,,,,,,,,,,,,,,,,,,4115,4045,3731,40,0,113,0,0,161,70,58,0,0,0,0,12,0
"55079091200","14000US55079091200","Census Tract 912, Milwaukee County, Wisconsin","Census Tract 912, Milwaukee County, Wisconsin","wi","140","00","ACSSF","0004934",,,,,"55","079",,,,"091200",,,,,,,,,,,,,,,,,,,,,,,,,,,,,,,,,,,,,4476,4372,3798,403,30,56,0,0,85,104,93,0,0,0,0,11,0
"55079091300","14000US55079091300","Census Tract 913, Milwaukee County, Wisconsin","Census Tract 913, Milwaukee County, Wisconsin","wi","140","00","ACSSF","0004935",,,,,"55","079",,,,"091300",,,,,,,,,,,,,,,,,,,,,,,,,,,,,,,,,,,,,3815,3807,3614,62,0,87,0,8,36,8,8,0,0,0,0,0,0
"55079091400","14000US55079091400","Census Tract 914, Milwaukee County, Wisconsin","Census Tract 914, Milwaukee County, Wisconsin","wi","140","00","ACSSF","0004936",,,,,"55","079",,,,"091400",,,,,,,,,,,,,,,,,,,,,,,,,,,,,,,,,,,,,2244,2176,2081,61,4,0,0,0,30,68,47,0,0,0,0,0,21
"55079100100","14000US55079100100","Census Tract 1001, Milwaukee County, Wisconsin","Census Tract 1001, Milwaukee County, Wisconsin","wi","140","00","ACSSF","0004937",,,,,"55","079",,,,"100100",,,,,,,,,,,,,,,,,,,,,,,,,,,,,,,,,,,,,3490,2936,2148,615,0,25,0,9,139,554,308,13,0,0,0,203,30
"55079100200","14000US55079100200","Census Tract 1002, Milwaukee County, Wisconsin","Census Tract 1002, Milwaukee County, Wisconsin","wi","140","00","ACSSF","0004938",,,,,"55","079",,,,"100200",,,,,,,,,,,,,,,,,,,,,,,,,,,,,,,,,,,,,4110,3104,2487,181,85,209,0,0,142,1006,530,25,13,0,0,394,44
"55079100300","14000US55079100300","Census Tract 1003, Milwaukee County, Wisconsin","Census Tract 1003, Milwaukee County, Wisconsin","wi","140","00","ACSSF","0004939",,,,,"55","079",,,,"100300",,,,,,,,,,,,,,,,,,,,,,,,,,,,,,,,,,,,,2946,2743,2404,0,34,122,5,0,178,203,43,11,0,0,0,81,68
"55079100400","14000US55079100400","Census Tract 1004, Milwaukee County, Wisconsin","Census Tract 1004, Milwaukee County, Wisconsin","wi","140","00","ACSSF","0004940",,,,,"55","079",,,,"100400",,,,,,,,,,,,,,,,,,,,,,,,,,,,,,,,,,,,,2449,2172,2007,138,0,0,0,0,27,277,141,0,0,0,0,111,25
"55079100500","14000US55079100500","Census Tract 1005, Milwaukee County, Wisconsin","Census Tract 1005, Milwaukee County, Wisconsin","wi","140","00","ACSSF","0004941",,,,,"55","079",,,,"100500",,,,,,,,,,,,,,,,,,,,,,,,,,,,,,,,,,,,,3539,3236,2869,317,9,30,0,0,11,303,188,7,24,0,0,42,42
"55079100600","14000US55079100600","Census Tract 1006, Milwaukee County, Wisconsin","Census Tract 1006, Milwaukee County, Wisconsin","wi","140","00","ACSSF","0004942",,,,,"55","079",,,,"100600",,,,,,,,,,,,,,,,,,,,,,,,,,,,,,,,,,,,,2284,2102,1977,77,11,0,0,0,37,182,177,0,0,0,0,0,5
"55079100700","14000US55079100700","Census Tract 1007, Milwaukee County, Wisconsin","Census Tract 1007, Milwaukee County, Wisconsin","wi","140","00","ACSSF","0004943",,,,,"55","079",,,,"100700",,,,,,,,,,,,,,,,,,,,,,,,,,,,,,,,,,,,,2558,2370,2257,56,0,17,0,0,40,188,82,0,0,0,0,106,0
"55079100800","14000US55079100800","Census Tract 1008, Milwaukee County, Wisconsin","Census Tract 1008, Milwaukee County, Wisconsin","wi","140","00","ACSSF","0004944",,,,,"55","079",,,,"100800",,,,,,,,,,,,,,,,,,,,,,,,,,,,,,,,,,,,,2993,2827,2610,43,0,104,0,0,70,166,111,0,0,0,0,55,0
"55079100900","14000US55079100900","Census Tract 1009, Milwaukee County, Wisconsin","Census Tract 1009, Milwaukee County, Wisconsin","wi","140","00","ACSSF","0004945",,,,,"55","079",,,,"100900",,,,,,,,,,,,,,,,,,,,,,,,,,,,,,,,,,,,,3683,3258,2926,34,12,285,0,0,1,425,205,24,11,0,0,0,185
"55079101000","14000US55079101000","Census Tract 1010, Milwaukee County, Wisconsin","Census Tract 1010, Milwaukee County, Wisconsin","wi","140","00","ACSSF","0004946",,,,,"55","079",,,,"101000",,,,,,,,,,,,,,,,,,,,,,,,,,,,,,,,,,,,,5204,4780,4109,504,43,48,0,0,76,424,262,0,45,0,0,30,87
"55079101100","14000US55079101100","Census Tract 1011, Milwaukee County, Wisconsin","Census Tract 1011, Milwaukee County, Wisconsin","wi","140","00","ACSSF","0004947",,,,,"55","079",,,,"101100",,,,,,,,,,,,,,,,,,,,,,,,,,,,,,,,,,,,,1881,1728,1512,84,0,76,0,0,56,153,80,11,0,0,0,12,50
"55079101200","14000US55079101200","Census Tract 1012, Milwaukee County, Wisconsin","Census Tract 1012, Milwaukee County, Wisconsin","wi","140","00","ACSSF","0004948",,,,,"55","079",,,,"101200",,,,,,,,,,,,,,,,,,,,,,,,,,,,,,,,,,,,,3146,2915,2825,28,0,27,0,0,35,231,208,0,0,0,0,23,0
"55079101300","14000US55079101300","Census Tract 1013, Milwaukee County, Wisconsin","Census Tract 1013, Milwaukee County, Wisconsin","wi","140","00","ACSSF","0004949",,,,,"55","079",,,,"101300",,,,,,,,,,,,,,,,,,,,,,,,,,,,,,,,,,,,,3033,2859,2667,54,8,98,0,0,32,174,105,0,0,0,0,0,69
"55079101400","14000US55079101400","Census Tract 1014, Milwaukee County, Wisconsin","Census Tract 1014, Milwaukee County, Wisconsin","wi","140","00","ACSSF","0004950",,,,,"55","079",,,,"101400",,,,,,,,,,,,,,,,,,,,,,,,,,,,,,,,,,,,,3398,3056,2784,82,33,54,0,0,103,342,192,0,0,0,0,125,25
"55079101500","14000US55079101500","Census Tract 1015, Milwaukee County, Wisconsin","Census Tract 1015, Milwaukee County, Wisconsin","wi","140","00","ACSSF","0004951",,,,,"55","079",,,,"101500",,,,,,,,,,,,,,,,,,,,,,,,,,,,,,,,,,,,,4828,4218,3789,198,0,133,0,12,86,610,610,0,0,0,0,0,0
"55079101600","14000US55079101600","Census Tract 1016, Milwaukee County, Wisconsin","Census Tract 1016, Milwaukee County, Wisconsin","wi","140","00","ACSSF","0004952",,,,,"55","079",,,,"101600",,,,,,,,,,,,,,,,,,,,,,,,,,,,,,,,,,,,,4747,4020,3587,153,19,125,0,0,136,727,520,25,0,0,0,140,42
"55079101700","14000US55079101700","Census Tract 1017, Milwaukee County, Wisconsin","Census Tract 1017, Milwaukee County, Wisconsin","wi","140","00","ACSSF","0004953",,,,,"55","079",,,,"101700",,,,,,,,,,,,,,,,,,,,,,,,,,,,,,,,,,,,,3609,3212,2968,153,0,0,0,0,91,397,294,0,0,0,0,69,34
"55079101800","14000US55079101800","Census Tract 1018, Milwaukee County, Wisconsin","Census Tract 1018, Milwaukee County, Wisconsin","wi","140","00","ACSSF","0004954",,,,,"55","079",,,,"101800",,,,,,,,,,,,,,,,,,,,,,,,,,,,,,,,,,,,,2593,2510,2207,41,0,201,0,12,49,83,83,0,0,0,0,0,0
"55079110100","14000US55079110100","Census Tract 1101, Milwaukee County, Wisconsin","Census Tract 1101, Milwaukee County, Wisconsin","wi","140","00","ACSSF","0004955",,,,,"55","079",,,,"110100",,,,,,,,,,,,,,,,,,,,,,,,,,,,,,,,,,,,,4197,3138,2295,388,44,130,0,0,281,1059,613,0,0,0,0,393,53
"55079120101","14000US55079120101","Census Tract 1201.01, Milwaukee County, Wisconsin","Census Tract 1201.01, Milwaukee County, Wisconsin","wi","140","00","ACSSF","0004956",,,,,"55","079",,,,"120101",,,,,,,,,,,,,,,,,,,,,,,,,,,,,,,,,,,,,3925,3869,3569,3,24,231,0,42,0,56,56,0,0,0,0,0,0
"55079120102","14000US55079120102","Census Tract 1201.02, Milwaukee County, Wisconsin","Census Tract 1201.02, Milwaukee County, Wisconsin","wi","140","00","ACSSF","0004957",,,,,"55","079",,,,"120102",,,,,,,,,,,,,,,,,,,,,,,,,,,,,,,,,,,,,3854,3651,3545,34,0,59,0,0,13,203,160,0,0,0,0,37,6
"55079120201","14000US55079120201","Census Tract 1202.01, Milwaukee County, Wisconsin","Census Tract 1202.01, Milwaukee County, Wisconsin","wi","140","00","ACSSF","0004958",,,,,"55","079",,,,"120201",,,,,,,,,,,,,,,,,,,,,,,,,,,,,,,,,,,,,3585,3493,3206,114,42,131,0,0,0,92,91,0,0,0,0,0,1
"55079120202","14000US55079120202","Census Tract 1202.02, Milwaukee County, Wisconsin","Census Tract 1202.02, Milwaukee County, Wisconsin","wi","140","00","ACSSF","0004959",,,,,"55","079",,,,"120202",,,,,,,,,,,,,,,,,,,,,,,,,,,,,,,,,,,,,3422,2959,2711,142,32,74,0,0,0,463,411,0,0,0,0,46,6
"55079120203","14000US55079120203","Census Tract 1202.03, Milwaukee County, Wisconsin","Census Tract 1202.03, Milwaukee County, Wisconsin","wi","140","00","ACSSF","0004960",,,,,"55","079",,,,"120203",,,,,,,,,,,,,,,,,,,,,,,,,,,,,,,,,,,,,3567,3167,3070,14,31,43,0,0,9,400,359,23,0,0,0,18,0
"55079120300","14000US55079120300","Census Tract 1203, Milwaukee County, Wisconsin","Census Tract 1203, Milwaukee County, Wisconsin","wi","140","00","ACSSF","0004961",,,,,"55","079",,,,"120300",,,,,,,,,,,,,,,,,,,,,,,,,,,,,,,,,,,,,1943,1574,1387,53,0,59,0,0,75,369,304,0,37,0,0,12,16
"55079120400","14000US55079120400","Census Tract 1204, Milwaukee County, Wisconsin","Census Tract 1204, Milwaukee County, Wisconsin","wi","140","00","ACSSF","0004962",,,,,"55","079",,,,"120400",,,,,,,,,,,,,,,,,,,,,,,,,,,,,,,,,,,,,6689,5669,5431,102,30,29,0,0,77,1020,922,10,0,0,0,88,0
"55079120501","14000US55079120501","Census Tract 1205.01, Milwaukee County, Wisconsin","Census Tract 1205.01, Milwaukee County, Wisconsin","wi","140","00","ACSSF","0004963",,,,,"55","079",,,,"120501",,,,,,,,,,,,,,,,,,,,,,,,,,,,,,,,,,,,,4321,3894,3233,223,0,415,0,0,23,427,346,0,11,0,0,70,0
"55079120502","14000US55079120502","Census Tract 1205.02, Milwaukee County, Wisconsin","Census Tract 1205.02, Milwaukee County, Wisconsin","wi","140","00","ACSSF","0004964",,,,,"55","079",,,,"120502",,,,,,,,,,,,,,,,,,,,,,,,,,,,,,,,,,,,,5212,5008,4343,43,0,580,0,0,42,204,180,0,0,0,0,24,0
"55079130100","14000US55079130100","Census Tract 1301, Milwaukee County, Wisconsin","Census Tract 1301, Milwaukee County, Wisconsin","wi","140","00","ACSSF","0004965",,,,,"55","079",,,,"130100",,,,,,,,,,,,,,,,,,,,,,,,,,,,,,,,,,,,,4855,4602,4400,31,0,64,0,33,74,253,253,0,0,0,0,0,0
"55079130200","14000US55079130200","Census Tract 1302, Milwaukee County, Wisconsin","Census Tract 1302, Milwaukee County, Wisconsin","wi","140","00","ACSSF","0004966",,,,,"55","079",,,,"130200",,,,,,,,,,,,,,,,,,,,,,,,,,,,,,,,,,,,,2863,2730,2622,34,0,14,0,0,60,133,93,27,0,0,0,13,0
"55079140100","14000US55079140100","Census Tract 1401, Milwaukee County, Wisconsin","Census Tract 1401, Milwaukee County, Wisconsin","wi","140","00","ACSSF","0004967",,,,,"55","079",,,,"140100",,,,,,,,,,,,,,,,,,,,,,,,,,,,,,,,,,,,,2986,2913,2763,19,0,131,0,0,0,73,73,0,0,0,0,0,0
"55079140201","14000US55079140201","Census Tract 1402.01, Milwaukee County, Wisconsin","Census Tract 1402.01, Milwaukee County, Wisconsin","wi","140","00","ACSSF","0004968",,,,,"55","079",,,,"140201",,,,,,,,,,,,,,,,,,,,,,,,,,,,,,,,,,,,,5362,4980,4612,117,11,98,0,0,142,382,228,0,48,0,0,28,78
"55079140202","14000US55079140202","Census Tract 1402.02, Milwaukee County, Wisconsin","Census Tract 1402.02, Milwaukee County, Wisconsin","wi","140","00","ACSSF","0004969",,,,,"55","079",,,,"140202",,,,,,,,,,,,,,,,,,,,,,,,,,,,,,,,,,,,,5805,5680,5317,53,80,132,0,0,98,125,16,34,0,0,0,75,0
"55079150100","14000US55079150100","Census Tract 1501, Milwaukee County, Wisconsin","Census Tract 1501, Milwaukee County, Wisconsin","wi","140","00","ACSSF","0004970",,,,,"55","079",,,,"150100",,,,,,,,,,,,,,,,,,,,,,,,,,,,,,,,,,,,,8697,8178,6831,71,54,1012,0,0,210,519,396,0,18,0,0,41,64
"55079150301","14000US55079150301","Census Tract 1503.01, Milwaukee County, Wisconsin","Census Tract 1503.01, Milwaukee County, Wisconsin","wi","140","00","ACSSF","0004971",,,,,"55","079",,,,"150301",,,,,,,,,,,,,,,,,,,,,,,,,,,,,,,,,,,,,5884,5709,5152,39,0,297,0,0,221,175,154,0,0,0,0,20,1
"55079150303","14000US55079150303","Census Tract 1503.03, Milwaukee County, Wisconsin","Census Tract 1503.03, Milwaukee County, Wisconsin","wi","140","00","ACSSF","0004972",,,,,"55","079",,,,"150303",,,,,,,,,,,,,,,,,,,,,,,,,,,,,,,,,,,,,4957,4859,4562,0,0,283,0,0,14,98,98,0,0,0,0,0,0
"55079150304","14000US55079150304","Census Tract 1503.04, Milwaukee County, Wisconsin","Census Tract 1503.04, Milwaukee County, Wisconsin","wi","140","00","ACSSF","0004973",,,,,"55","079",,,,"150304",,,,,,,,,,,,,,,,,,,,,,,,,,,,,,,,,,,,,3972,3838,3359,142,0,177,0,17,143,134,122,0,0,0,0,0,12
"55079160100","14000US55079160100","Census Tract 1601, Milwaukee County, Wisconsin","Census Tract 1601, Milwaukee County, Wisconsin","wi","140","00","ACSSF","0004974",,,,,"55","079",,,,"160100",,,,,,,,,,,,,,,,,,,,,,,,,,,,,,,,,,,,,6655,6023,5609,141,0,214,0,20,39,632,632,0,0,0,0,0,0
"55079160202","14000US55079160202","Census Tract 1602.02, Milwaukee County, Wisconsin","Census Tract 1602.02, Milwaukee County, Wisconsin","wi","140","00","ACSSF","0004975",,,,,"55","079",,,,"160202",,,,,,,,,,,,,,,,,,,,,,,,,,,,,,,,,,,,,7031,6497,6034,108,0,336,0,0,19,534,253,0,0,0,0,265,16
"55079160203","14000US55079160203","Census Tract 1602.03, Milwaukee County, Wisconsin","Census Tract 1602.03, Milwaukee County, Wisconsin","wi","140","00","ACSSF","0004976",,,,,"55","079",,,,"160203",,,,,,,,,,,,,,,,,,,,,,,,,,,,,,,,,,,,,6079,5611,4984,217,0,362,0,0,48,468,322,0,0,0,0,112,34
"55079160204","14000US55079160204","Census Tract 1602.04, Milwaukee County, Wisconsin","Census Tract 1602.04, Milwaukee County, Wisconsin","wi","140","00","ACSSF","0004977",,,,,"55","079",,,,"160204",,,,,,,,,,,,,,,,,,,,,,,,,,,,,,,,,,,,,4968,4413,3834,86,13,288,0,0,192,555,536,0,0,0,0,19,0
"55079160300","14000US55079160300","Census Tract 1603, Milwaukee County, Wisconsin","Census Tract 1603, Milwaukee County, Wisconsin","wi","140","00","ACSSF","0004978",,,,,"55","079",,,,"160300",,,,,,,,,,,,,,,,,,,,,,,,,,,,,,,,,,,,,9847,9108,8373,180,108,281,0,0,166,739,588,0,0,0,0,151,0
"55079170100","14000US55079170100","Census Tract 1701, Milwaukee County, Wisconsin","Census Tract 1701, Milwaukee County, Wisconsin","wi","140","00","ACSSF","0004979",,,,,"55","079",,,,"170100",,,,,,,,,,,,,,,,,,,,,,,,,,,,,,,,,,,,,2725,2556,2480,0,39,8,0,0,29,169,119,0,13,0,0,0,37
"55079170200","14000US55079170200","Census Tract 1702, Milwaukee County, Wisconsin","Census Tract 1702, Milwaukee County, Wisconsin","wi","140","00","ACSSF","0004980",,,,,"55","079",,,,"170200",,,,,,,,,,,,,,,,,,,,,,,,,,,,,,,,,,,,,3774,3372,3152,32,0,50,0,0,138,402,394,0,0,0,0,8,0
"55079170300","14000US55079170300","Census Tract 1703, Milwaukee County, Wisconsin","Census Tract 1703, Milwaukee County, Wisconsin","wi","140","00","ACSSF","0004981",,,,,"55","079",,,,"170300",,,,,,,,,,,,,,,,,,,,,,,,,,,,,,,,,,,,,2671,2479,2360,42,19,0,0,0,58,192,180,0,0,0,0,12,0
"55079170400","14000US55079170400","Census Tract 1704, Milwaukee County, Wisconsin","Census Tract 1704, Milwaukee County, Wisconsin","wi","140","00","ACSSF","0004982",,,,,"55","079",,,,"170400",,,,,,,,,,,,,,,,,,,,,,,,,,,,,,,,,,,,,3312,3230,3111,27,0,42,0,0,50,82,69,0,8,0,0,5,0
"55079170500","14000US55079170500","Census Tract 1705, Milwaukee County, Wisconsin","Census Tract 1705, Milwaukee County, Wisconsin","wi","140","00","ACSSF","0004983",,,,,"55","079",,,,"170500",,,,,,,,,,,,,,,,,,,,,,,,,,,,,,,,,,,,,2349,2215,2121,50,16,5,0,0,23,134,133,0,0,0,0,1,0
"55079170600","14000US55079170600","Census Tract 1706, Milwaukee County, Wisconsin","Census Tract 1706, Milwaukee County, Wisconsin","wi","140","00","ACSSF","0004984",,,,,"55","079",,,,"170600",,,,,,,,,,,,,,,,,,,,,,,,,,,,,,,,,,,,,3393,2877,2577,102,22,9,0,0,167,516,377,0,16,0,0,58,65
"55079170700","14000US55079170700","Census Tract 1707, Milwaukee County, Wisconsin","Census Tract 1707, Milwaukee County, Wisconsin","wi","140","00","ACSSF","0004985",,,,,"55","079",,,,"170700",,,,,,,,,,,,,,,,,,,,,,,,,,,,,,,,,,,,,2939,2753,2642,48,7,15,0,0,41,186,125,0,12,0,0,41,8
"55079180100","14000US55079180100","Census Tract 1801, Milwaukee County, Wisconsin","Census Tract 1801, Milwaukee County, Wisconsin","wi","140","00","ACSSF","0004986",,,,,"55","079",,,,"180100",,,,,,,,,,,,,,,,,,,,,,,,,,,,,,,,,,,,,3154,2921,2758,114,27,0,0,0,22,233,107,0,0,0,0,111,15
"55079180200","14000US55079180200","Census Tract 1802, Milwaukee County, Wisconsin","Census Tract 1802, Milwaukee County, Wisconsin","wi","140","00","ACSSF","0004987",,,,,"55","079",,,,"180200",,,,,,,,,,,,,,,,,,,,,,,,,,,,,,,,,,,,,4694,4106,3842,58,82,72,0,0,52,588,184,0,0,0,0,204,200
"55079180300","14000US55079180300","Census Tract 1803, Milwaukee County, Wisconsin","Census Tract 1803, Milwaukee County, Wisconsin","wi","140","00","ACSSF","0004988",,,,,"55","079",,,,"180300",,,,,,,,,,,,,,,,,,,,,,,,,,,,,,,,,,,,,3337,2485,2106,201,28,0,0,0,150,852,666,21,0,0,0,146,19
"55079180400","14000US55079180400","Census Tract 1804, Milwaukee County, Wisconsin","Census Tract 1804, Milwaukee County, Wisconsin","wi","140","00","ACSSF","0004989",,,,,"55","079",,,,"180400",,,,,,,,,,,,,,,,,,,,,,,,,,,,,,,,,,,,,2627,2565,2403,0,24,111,0,0,27,62,62,0,0,0,0,0,0
"55079180500","14000US55079180500","Census Tract 1805, Milwaukee County, Wisconsin","Census Tract 1805, Milwaukee County, Wisconsin","wi","140","00","ACSSF","0004990",,,,,"55","079",,,,"180500",,,,,,,,,,,,,,,,,,,,,,,,,,,,,,,,,,,,,4487,3891,3676,31,11,158,0,0,15,596,434,41,28,0,0,57,36
"55079185100","14000US55079185100","Census Tract 1851, Milwaukee County, Wisconsin","Census Tract 1851, Milwaukee County, Wisconsin","wi","140","00","ACSSF","0004991",,,,,"55","079",,,,"185100",,,,,,,,,,,,,,,,,,,,,,,,,,,,,,,,,,,,,4430,3979,3528,119,90,75,0,48,119,451,406,0,0,0,0,45,0
"55079185200","14000US55079185200","Census Tract 1852, Milwaukee County, Wisconsin","Census Tract 1852, Milwaukee County, Wisconsin","wi","140","00","ACSSF","0004992",,,,,"55","079",,,,"185200",,,,,,,,,,,,,,,,,,,,,,,,,,,,,,,,,,,,,5016,4561,4063,184,75,105,0,50,84,455,400,0,0,0,0,29,26
"55079185300","14000US55079185300","Census Tract 1853, Milwaukee County, Wisconsin","Census Tract 1853, Milwaukee County, Wisconsin","wi","140","00","ACSSF","0004993",,,,,"55","079",,,,"185300",,,,,,,,,,,,,,,,,,,,,,,,,,,,,,,,,,,,,3430,3368,3181,66,2,113,0,0,6,62,15,0,0,0,0,36,11
"55079185400","14000US55079185400","Census Tract 1854, Milwaukee County, Wisconsin","Census Tract 1854, Milwaukee County, Wisconsin","wi","140","00","ACSSF","0004994",,,,,"55","079",,,,"185400",,,,,,,,,,,,,,,,,,,,,,,,,,,,,,,,,,,,,1522,1504,26,1316,0,0,0,20,142,18,0,0,0,0,0,18,0
"55079185500","14000US55079185500","Census Tract 1855, Milwaukee County, Wisconsin","Census Tract 1855, Milwaukee County, Wisconsin","wi","140","00","ACSSF","0004995",,,,,"55","079",,,,"185500",,,,,,,,,,,,,,,,,,,,,,,,,,,,,,,,,,,,,1975,1975,45,1920,0,0,0,0,10,0,0,0,0,0,0,0,0
"55079185600","14000US55079185600","Census Tract 1856, Milwaukee County, Wisconsin","Census Tract 1856, Milwaukee County, Wisconsin","wi","140","00","ACSSF","0004996",,,,,"55","079",,,,"185600",,,,,,,,,,,,,,,,,,,,,,,,,,,,,,,,,,,,,2004,2004,353,1603,17,0,0,0,31,0,0,0,0,0,0,0,0
"55079185700","14000US55079185700","Census Tract 1857, Milwaukee County, Wisconsin","Census Tract 1857, Milwaukee County, Wisconsin","wi","140","00","ACSSF","0004997",,,,,"55","079",,,,"185700",,,,,,,,,,,,,,,,,,,,,,,,,,,,,,,,,,,,,1835,1722,60,1661,0,0,0,0,1,113,21,6,0,0,0,66,20
"55079185800","14000US55079185800","Census Tract 1858, Milwaukee County, Wisconsin","Census Tract 1858, Milwaukee County, Wisconsin","wi","140","00","ACSSF","0004998",,,,,"55","079",,,,"185800",,,,,,,,,,,,,,,,,,,,,,,,,,,,,,,,,,,,,1571,1539,35,1336,64,0,0,0,104,32,32,0,0,0,0,0,0
"55079185900","14000US55079185900","Census Tract 1859, Milwaukee County, Wisconsin","Census Tract 1859, Milwaukee County, Wisconsin","wi","140","00","ACSSF","0004999",,,,,"55","079",,,,"185900",,,,,,,,,,,,,,,,,,,,,,,,,,,,,,,,,,,,,1252,1221,96,800,0,325,0,0,0,31,31,0,0,0,0,0,0
"55079186000","14000US55079186000","Census Tract 1860, Milwaukee County, Wisconsin","Census Tract 1860, Milwaukee County, Wisconsin","wi","140","00","ACSSF","0005000",,,,,"55","079",,,,"186000",,,,,,,,,,,,,,,,,,,,,,,,,,,,,,,,,,,,,1355,1355,170,1172,3,0,0,0,10,0,0,0,0,0,0,0,0
"55079186100","14000US55079186100","Census Tract 1861, Milwaukee County, Wisconsin","Census Tract 1861, Milwaukee County, Wisconsin","wi","140","00","ACSSF","0005001",,,,,"55","079",,,,"186100",,,,,,,,,,,,,,,,,,,,,,,,,,,,,,,,,,,,,1969,1863,54,1412,81,269,0,0,47,106,55,49,0,0,0,0,2
"55079186200","14000US55079186200","Census Tract 1862, Milwaukee County, Wisconsin","Census Tract 1862, Milwaukee County, Wisconsin","wi","140","00","ACSSF","0005002",,,,,"55","079",,,,"186200",,,,,,,,,,,,,,,,,,,,,,,,,,,,,,,,,,,,,1266,1126,63,1024,3,10,0,0,26,140,44,2,0,0,0,94,0
"55079186300","14000US55079186300","Census Tract 1863, Milwaukee County, Wisconsin","Census Tract 1863, Milwaukee County, Wisconsin","wi","140","00","ACSSF","0005003",,,,,"55","079",,,,"186300",,,,,,,,,,,,,,,,,,,,,,,,,,,,,,,,,,,,,2754,2538,1301,1091,18,22,0,0,106,216,128,27,0,0,0,41,20
"55079186400","14000US55079186400","Census Tract 1864, Milwaukee County, Wisconsin","Census Tract 1864, Milwaukee County, Wisconsin","wi","140","00","ACSSF","0005004",,,,,"55","079",,,,"186400",,,,,,,,,,,,,,,,,,,,,,,,,,,,,,,,,,,,,1510,1458,1210,81,0,84,19,0,64,52,27,0,0,0,0,25,0
"55079186500","14000US55079186500","Census Tract 1865, Milwaukee County, Wisconsin","Census Tract 1865, Milwaukee County, Wisconsin","wi","140","00","ACSSF","0005005",,,,,"55","079",,,,"186500",,,,,,,,,,,,,,,,,,,,,,,,,,,,,,,,,,,,,1435,746,632,52,36,22,0,0,4,689,297,0,23,0,0,349,20
"55079186600","14000US55079186600","Census Tract 1866, Milwaukee County, Wisconsin","Census Tract 1866, Milwaukee County, Wisconsin","wi","140","00","ACSSF","0005006",,,,,"55","079",,,,"186600",,,,,,,,,,,,,,,,,,,,,,,,,,,,,,,,,,,,,1970,709,439,211,3,38,0,0,18,1261,931,14,0,0,0,86,230
"55079186800","14000US55079186800","Census Tract 1868, Milwaukee County, Wisconsin","Census Tract 1868, Milwaukee County, Wisconsin","wi","140","00","ACSSF","0005007",,,,,"55","079",,,,"186800",,,,,,,,,,,,,,,,,,,,,,,,,,,,,,,,,,,,,1307,823,285,466,0,43,0,0,29,484,130,0,7,0,0,251,96
"55079186900","14000US55079186900","Census Tract 1869, Milwaukee County, Wisconsin","Census Tract 1869, Milwaukee County, Wisconsin","wi","140","00","ACSSF","0005008",,,,,"55","079",,,,"186900",,,,,,,,,,,,,,,,,,,,,,,,,,,,,,,,,,,,,2359,2233,1763,215,0,161,0,0,94,126,126,0,0,0,0,0,0
"55079187000","14000US55079187000","Census Tract 1870, Milwaukee County, Wisconsin","Census Tract 1870, Milwaukee County, Wisconsin","wi","140","00","ACSSF","0005009",,,,,"55","079",,,,"187000",,,,,,,,,,,,,,,,,,,,,,,,,,,,,,,,,,,,,3455,3359,2641,229,106,275,0,17,91,96,81,0,0,0,0,15,0
"55079187200","14000US55079187200","Census Tract 1872, Milwaukee County, Wisconsin","Census Tract 1872, Milwaukee County, Wisconsin","wi","140","00","ACSSF","0005010",,,,,"55","079",,,,"187200",,,,,,,,,,,,,,,,,,,,,,,,,,,,,,,,,,,,,5439,5052,3339,1300,38,222,0,0,153,387,229,11,0,0,0,81,66
"55079187300","14000US55079187300","Census Tract 1873, Milwaukee County, Wisconsin","Census Tract 1873, Milwaukee County, Wisconsin","wi","140","00","ACSSF","0005011",,,,,"55","079",,,,"187300",,,,,,,,,,,,,,,,,,,,,,,,,,,,,,,,,,,,,6700,5944,5290,37,0,422,0,0,195,756,718,0,0,0,0,38,0
"55079187400","14000US55079187400","Census Tract 1874, Milwaukee County, Wisconsin","Census Tract 1874, Milwaukee County, Wisconsin","wi","140","00","ACSSF","0005012",,,,,"55","079",,,,"187400",,,,,,,,,,,,,,,,,,,,,,,,,,,,,,,,,,,,,2511,2474,2238,173,0,22,0,0,41,37,37,0,0,0,0,0,0
"55079980000","14000US55079980000","Census Tract 9800, Milwaukee County, Wisconsin","Census Tract 9800, Milwaukee County, Wisconsin","wi","140","00","ACSSF","0005013",,,,,"55","079",,,,"980000",,,,,,,,,,,,,,,,,,,,,,,,,,,,,,,,,,,,,0,0,0,0,0,0,0,0,0,0,0,0,0,0,0,0,0
"55079990000","14000US55079990000","Census Tract 9900, Milwaukee County, Wisconsin","Census Tract 9900, Milwaukee County, Wisconsin","wi","140","00","ACSSF","0005014",,,,,"55","079",,,,"990000",,,,,,,,,,,,,,,,,,,,,,,,,,,,,,,,,,,,,0,0,0,0,0,0,0,0,0,0,0,0,0,0,0,0,0
